ds,trend,weekly,yearly
2014-01-28,268.88639217820497,-50.68491772673824,157.88299828017514
2014-01-29,268.9306888996041,-43.30846427527153,161.50912328821886
2014-01-30,268.97498562100316,-44.569328816157046,165.3701734539983
2014-01-31,269.01928234240216,-3.9768610049390087,169.36720616847873
2014-02-01,269.0635790638012,108.4384939344325,173.4024273418604
2014-02-02,269.1078757852003,-4.875565212190223,177.38107951673203
2014-02-03,269.15217250659936,38.976643101255966,181.21309018393976
2014-02-04,269.1964692279984,-50.684917726703425,184.814453620407
2014-02-05,269.2407659493975,-43.308464274997604,188.10832991618256
2014-02-06,269.2850626707965,-44.569328816455645,191.02585524744046
2014-02-07,269.32935939219556,-3.9768610051942885,193.5066675393046
2014-02-08,269.3736561135946,108.4384939344698,195.49916111758247
2014-02-09,269.4179528349937,-4.87556521224666,196.96049247601144
2014-02-10,269.46224955639275,38.97664310120992,197.85636662016054
2014-02-11,269.5065462777918,-50.68491772685313,198.16063937590243
2014-02-12,269.5508429991908,-43.308464275088916,197.85477540204903
2014-02-13,269.5951397205899,-44.56932881666378,196.92720431437868
2014-02-14,269.639436441989,-3.9768610051017603,195.37261826058
2014-02-15,269.683733163388,108.43849393450711,193.19125349252639
2014-02-16,269.7280298847871,-4.875565212169505,190.38819603093907
2014-02-17,269.77232660618614,38.97664310133658,186.97274753309944
2014-02-18,269.8166233275852,-50.684917726818306,182.95788213222158
2014-02-19,269.86092004898427,-43.308464275180214,178.35981853924346
2014-02-20,269.90521677038333,-44.56932881624789,173.19772434182102
2014-02-21,269.94951349178234,-3.976861005523764,167.49356149050269
2014-02-22,269.9938102131814,108.43849393438514,161.27207373291347
2014-02-23,270.03810693458047,-4.875565212210141,154.56090856146676
2014-02-24,270.08240365597953,38.976643101413586,147.39085838857346
2014-02-25,270.1267003773786,-50.684917727021016,139.79619845986346
2014-02-26,270.17099709877766,-43.30846427527152,131.81509273642888
2014-02-27,270.2152938201767,-44.56932881654648,123.49003386984033
2014-02-28,270.25959054157573,-3.976861005264517,114.86827966299073
2014-03-01,270.30388726297485,108.43849393442244,106.00224621665673
2014-03-02,270.34818398437386,-4.875565212250768,96.94981741075208
2014-03-03,270.3924807057729,38.9766431011711,87.77453150920569
2014-03-04,270.436777427172,-50.68491772669565,78.54560850058789
2014-03-05,270.48107414857105,-43.30846427499759,69.33778622361355
2014-03-06,270.52537086997006,-44.56932881644261,60.230939250400716
2014-03-07,270.5696675913692,-3.9768610052625477,51.30946173641936
2014-03-08,270.61396431276825,108.43849393430818,42.6614037607072
2014-03-09,270.65826103416725,-4.875565212291387,34.37735981276577
2014-03-10,270.7025577555663,38.9766431011747,26.549117723706917
2014-03-11,270.7468544769654,-50.68491772689836,19.268086172446697
2014-03-12,270.79115119836445,-43.308464275088895,12.623528579925281
2014-03-13,270.8354479197635,-44.569328816429184,6.700640396713087
2014-03-14,270.8797446411626,-3.976861005260562,1.5785151626800877
2014-03-15,270.9240413625616,108.43849393448934,-2.6719480432029035
2014-03-16,270.96833808396065,-4.87556521221424,-5.990137319355116
2014-03-17,271.0126348053597,38.976643101251724,-8.327758212379596
2014-03-18,271.0569315267588,-50.68491772686355,-9.650736615094981
2014-03-19,271.10122824815784,-43.30846427487521,-9.94092904083134
2014-03-20,271.1455249695569,-44.569328816415755,-9.197576773923222
2014-03-21,271.1898216909559,-3.9768610054253086,-7.43844423533893
2014-03-22,271.23411841235503,108.43849393437509,-4.700587783562759
2014-03-23,271.2784151337541,-4.875565212254868,-1.0407089789945196
2014-03-24,271.3227118551531,38.97664310132872,3.4649441006931974
2014-03-25,271.36700857655217,-50.68491772682873,8.72115283046506
2014-03-26,271.41130529795123,-43.308464275211264,14.614794323954175
2014-03-27,271.4556020193503,-44.56932881631188,21.016397862326965
2014-03-28,271.49989874074936,-3.976861005166057,27.78217755720943
2014-03-29,271.5441954621484,108.43849393441238,34.75651346180783
2014-03-30,271.58849218354743,-4.875565212193548,41.774839733896286
2014-03-31,271.6327889049465,38.97664310133234,48.66688551243367
2014-04-01,271.67708562634556,-50.68491772674088,55.26020229592815
2014-04-02,271.7213823477446,-43.308464274997576,61.38390117822053
2014-04-03,271.7656790691437,-44.56932881620801,66.87251464393165
2014-04-04,271.80997579054275,-3.976861004906818,71.56989105024775
2014-04-05,271.8542725119418,108.43849393444968,75.33302566318201
2014-04-06,271.8985692333408,-4.875565212148022,78.03573035719688
2014-04-07,271.94286595473994,38.97664310128629,79.57204493761054
2014-04-08,271.98716267613895,-50.68491772694361,79.85929654738328
2014-04-09,272.031459397538,-43.308464275088895,78.84071973846652
2014-04-10,272.0757561189371,-44.56932881641615,76.48755841407268
2014-04-11,272.12005284033614,-3.9768610050715516,72.80058180076115
2014-04-12,272.1643495617352,108.43849393447927,67.81095963849543
2014-04-13,272.20864628313427,-4.87556521217283,61.58045656951155
2014-04-14,272.2529430045333,38.976643101240256,54.200921898042715
2014-04-15,272.29723972593234,-50.684917727146335,45.79306807073252
2014-04-16,272.3415364473314,-43.3084642750597,36.504548946476554
2014-04-17,272.38583316873047,-44.5693288160907,26.507366720039084
2014-04-18,272.43012989012954,-3.976861005069574,15.994653760183486
2014-04-19,272.4744266115286,108.43849393436501,5.176892148021375
2014-04-20,272.51872333292766,-4.875565212213466,-5.722351094237175
2014-04-21,272.56302005432667,38.97664310131726,-16.47108163703201
2014-04-22,272.6073167757258,-50.68491772705849,-26.8338255593394
2014-04-23,272.6516134971248,-43.30846427515102,-36.576755488486405
2014-04-24,272.69591021852386,-44.56932881629886,-45.4728773414301
2014-04-25,272.7402069399229,-3.976861005067601,-53.30715659362699
2014-04-26,272.784503661322,108.43849393454617,-59.881462777984076
2014-04-27,272.828800382721,-4.87556521213631,-65.01921375525659
2014-04-28,272.8730971041201,38.97664310119783,-68.56960715865803
2014-04-29,272.9173938255192,-50.684917727023674,-70.41133516906412
2014-04-30,272.9616905469182,-43.30846427524231,-70.45569022154564
2014-05-01,273.00598726831726,-44.56932881619498,-68.64898310095687
2014-05-02,273.0502839897163,-3.9768610048083537,-64.97421081222403
2014-05-03,273.0945807111154,108.4384939344242,-59.45192920910748
2014-05-04,273.13887743251445,-4.875565212176938,-52.14030418936914
2014-05-05,273.1831741539135,38.97664310127483,-43.13433483400161
2014-05-06,273.2274708753125,-50.68491772698886,-32.5642616823449
2014-05-07,273.2717675967116,-43.30846427533362,-20.5931928864755
2014-05-08,273.31606431811065,-44.569328816493574,-7.413999772194867
2014-05-09,273.3603610395097,-3.976861005230353,6.754449129679363
2014-05-10,273.4046577609088,108.43849393461304,21.671630682954653
2014-05-11,273.44895448230784,-4.875565212217565,37.08018774595517
2014-05-12,273.49325120370685,38.97664310122879,52.71111786384644
2014-05-13,273.53754792510597,-50.68491772684799,68.28921160891134
2014-05-14,273.58184464650503,-43.30846427505969,83.53861653593383
2014-05-15,273.62614136790404,-44.56932881638971,98.18840021717101
2014-05-16,273.6704380893031,-3.9768610049711057,111.9779864560535
2014-05-17,273.71473481070217,108.43849393449878,124.6623425156855
2014-05-18,273.75903153210123,-4.875565212258184,136.01680193133166
2014-05-19,273.8033282535003,38.97664310135545,145.8414170088461
2014-05-20,273.84762497489936,-50.68491772681316,153.96474718427623
2014-05-21,273.89192169629837,-43.30846427545598,160.24700370225338
2014-05-22,273.93621841769743,-44.569328816285825,164.58248717865075
2014-05-23,273.9805151390965,-3.976861004969128,166.90127211828417
2014-05-24,274.02481186049556,108.43849393437682,167.17011089468932
2014-05-25,274.0691085818946,-4.875565212181046,165.39254858671026
2014-05-26,274.1134053032937,38.9766431013094,161.6082589127766
2014-05-27,274.15770202469275,-50.68491772701589,155.891629825234
2014-05-28,274.20199874609176,-43.30846427524231,148.3496446582458
2014-05-29,274.2462954674909,-44.56932881618196,139.11912063194757
2014-05-30,274.2905921888899,-3.9768610053005897,128.36338060957738
2014-05-31,274.33488891028895,108.43849393441413,116.26844595160294
2014-06-01,274.379185631688,-4.8755652122374835,103.03884783152196
2014-06-02,274.4234823530871,38.97664310126336,88.89316127065517
2014-06-03,274.4677790744861,-50.684917726743535,74.0593702789821
2014-06-04,274.5120757958852,-43.30846427496838,58.770173801212394
2014-06-05,274.5563725172843,-44.56932881648054,43.258340683770705
2014-06-06,274.6006692386833,-3.976861005298608,27.75221769080042
2014-06-07,274.64496596008235,108.43849393429987,12.4714878804591
2014-06-08,274.6892626814814,-4.875565212262301,-2.3767323674087546
2014-06-09,274.7335594028805,38.976643101193574,-16.601380409016276
2014-06-10,274.77785612427954,-50.68491772689323,-30.030453912414504
2014-06-11,274.8221528456786,-43.30846427505968,-42.51348636868676
2014-06-12,274.8664495670776,-44.56932881606464,-53.923455823102
2014-06-13,274.91074628847673,-3.9768610052966253,-64.15810643537176
2014-06-14,274.95504300987574,108.43849393448872,-73.14067783670512
