iteration,score,profit,units
0,1041097.0,4153.0,30905
1,1041097.0,4153.0,30905
2,1041097.0,4153.0,30905
3,1036022.0,4128.0,30803
4,1031410.0,4140.0,30711
5,1031410.0,4140.0,30711
6,1025138.0,4112.0,30585
7,1025138.0,4112.0,30585
8,1012595.0,4055.0,30333
9,1012595.0,4055.0,30333
10,1012595.0,4055.0,30333
11,1012571.0,4079.0,30333
12,1012558.0,4092.0,30333
13,1006648.0,4052.0,30214
14,992719.0,3981.0,29934
15,986809.0,3941.0,29815
16,986809.0,3941.0,29815
17,986809.0,3941.0,29815
18,986749.0,4001.0,29815
19,984278.0,4022.0,29766
20,984278.0,4022.0,29766
21,977315.0,3985.0,29626
22,977155.0,4045.0,29624
23,973191.0,4059.0,29545
24,973163.0,4087.0,29545
25,973163.0,4087.0,29545
26,973103.0,4147.0,29545
27,973089.0,4161.0,29545
28,972535.0,4315.0,29537
29,968069.0,4281.0,29447
30,968009.0,4341.0,29447
31,964627.0,4373.0,29380
32,964627.0,4373.0,29380
33,959553.0,4347.0,29278
34,945615.0,4285.0,28998
35,944891.0,4309.0,28984
36,939518.0,4282.0,28876
37,939518.0,4282.0,28876
38,939518.0,4282.0,28876
39,938104.0,4296.0,28848
40,934990.0,4260.0,28785
41,934990.0,4260.0,28785
42,933382.0,4268.0,28753
43,928917.0,4233.0,28663
44,922960.0,4190.0,28543
45,922960.0,4190.0,28543
46,916697.0,4153.0,28417
47,916344.0,4156.0,28410
48,916344.0,4156.0,28410
49,906208.0,4092.0,28206
50,899938.0,4062.0,28080
51,899938.0,4062.0,28080
52,889207.0,3993.0,27864
53,884332.0,3968.0,27766
54,882921.0,3979.0,27738
55,880473.0,3977.0,27689
56,875107.0,3943.0,27581
57,875107.0,3943.0,27581
58,875107.0,3943.0,27581
59,873703.0,3947.0,27553
60,861888.0,3862.0,27315
61,861272.0,3878.0,27303
62,861272.0,3878.0,27303
63,860010.0,3890.0,27278
64,848199.0,3801.0,27040
65,848199.0,3801.0,27040
66,845001.0,3799.0,26976
67,844640.0,3810.0,26969
68,839267.0,3783.0,26861
69,838008.0,3792.0,26836
70,832091.0,3759.0,26717
71,824778.0,3722.0,26570
72,824009.0,3791.0,26556
73,815047.0,3753.0,26376
74,814927.0,3873.0,26376
75,811129.0,3871.0,26300
76,809647.0,4003.0,26273
77,799533.0,3917.0,26069
78,799533.0,3917.0,26069
79,799513.0,3937.0,26069
80,790558.0,3892.0,25889
81,790558.0,3892.0,25889
82,780808.0,3842.0,25693
83,780808.0,3842.0,25693
84,780808.0,3842.0,25693
85,776334.0,3816.0,25603
86,776334.0,3816.0,25603
87,776334.0,3816.0,25603
88,776334.0,3816.0,25603
89,766799.0,3751.0,25411
90,761425.0,3725.0,25303
91,759127.0,3723.0,25257
92,751471.0,3679.0,25103
93,739666.0,3584.0,24865
94,739658.0,3592.0,24865
95,736037.0,3613.0,24793
96,732936.0,3564.0,24730
97,720409.0,3491.0,24478
98,720409.0,3491.0,24478
99,720361.0,3539.0,24478
100,719152.0,3548.0,24454
101,714460.0,3590.0,24361
102,710264.0,3586.0,24277
103,710264.0,3586.0,24277
104,709962.0,3588.0,24271
105,704044.0,3556.0,24152
106,699853.0,3547.0,24068
107,691513.0,3487.0,23900
108,691091.0,3559.0,23893
109,691031.0,3619.0,23893
110,679226.0,3524.0,23655
111,679226.0,3524.0,23655
112,679226.0,3524.0,23655
113,679226.0,3524.0,23655
114,679226.0,3524.0,23655
115,679226.0,3524.0,23655
116,679226.0,3524.0,23655
117,667420.0,3430.0,23417
118,667420.0,3430.0,23417
119,667387.0,3463.0,23417
120,654861.0,3389.0,23165
121,654861.0,3389.0,23165
122,651379.0,3371.0,23095
123,645461.0,3339.0,22976
124,644615.0,3485.0,22962
125,632780.0,3420.0,22724
126,632780.0,3420.0,22724
127,620975.0,3325.0,22486
128,620975.0,3325.0,22486
129,620975.0,3325.0,22486
130,620975.0,3325.0,22486
131,609061.0,3239.0,22246
132,605931.0,3219.0,22183
133,591306.0,3144.0,21889
134,584692.0,3108.0,21756
135,584632.0,3168.0,21756
136,575671.0,3129.0,21576
137,566709.0,3091.0,21396
138,566287.0,3163.0,21389
139,560030.0,3120.0,21263
140,560030.0,3120.0,21263
141,560030.0,3120.0,21263
142,560030.0,3120.0,21263
143,560030.0,3120.0,21263
144,556679.0,3121.0,21196
145,556679.0,3121.0,21196
146,556679.0,3121.0,21196
147,556679.0,3121.0,21196
148,556679.0,3121.0,21196
149,549375.0,3075.0,21049
150,549255.0,3195.0,21049
151,543352.0,3148.0,20930
152,543352.0,3148.0,20930
153,537986.0,3114.0,20822
154,537986.0,3114.0,20822
155,533218.0,3082.0,20726
156,532451.0,3149.0,20712
157,530722.0,3128.0,20677
158,517517.0,3033.0,20411
159,510903.0,2997.0,20278
160,510903.0,2997.0,20278
161,506429.0,2971.0,20188
162,493201.0,2899.0,19922
163,484274.0,2826.0,19742
164,484274.0,2826.0,19742
165,484274.0,2826.0,19742
166,484274.0,2826.0,19742
167,479506.0,2794.0,19646
168,479506.0,2794.0,19646
169,473579.0,2771.0,19527
170,473542.0,2808.0,19527
171,473542.0,2808.0,19527
172,473542.0,2808.0,19527
173,471770.0,2830.0,19492
174,471770.0,2830.0,19492
175,471770.0,2830.0,19492
176,471770.0,2830.0,19492
177,469676.0,2824.0,19450
178,469676.0,2824.0,19450
179,469676.0,2824.0,19450
180,469676.0,2824.0,19450
181,463773.0,2777.0,19331
182,463773.0,2777.0,19331
183,452830.0,2720.0,19111
184,441024.0,2626.0,18873
185,434762.0,2588.0,18747
186,434757.0,2593.0,18747
187,433714.0,2586.0,18726
188,419089.0,2511.0,18432
189,418033.0,2517.0,18411
190,415700.0,2500.0,18364
191,415700.0,2500.0,18364
192,415345.0,2505.0,18357
193,414579.0,2571.0,18343
194,409518.0,2532.0,18241
195,409518.0,2532.0,18241
196,409518.0,2532.0,18241
197,409501.0,2549.0,18241
198,407967.0,2683.0,18213
199,407967.0,2683.0,18213
200,403787.0,2663.0,18129
201,403787.0,2663.0,18129
202,394860.0,2590.0,17949
203,394860.0,2590.0,17949
204,383055.0,2495.0,17711
205,375743.0,2457.0,17564
206,363938.0,2362.0,17326
207,363938.0,2362.0,17326
208,363938.0,2362.0,17326
209,352133.0,2267.0,17088
210,352133.0,2267.0,17088
211,344820.0,2230.0,16941
212,344820.0,2230.0,16941
213,344414.0,2286.0,16934
214,344414.0,2286.0,16934
215,344414.0,2286.0,16934
216,344414.0,2286.0,16934
217,344414.0,2286.0,16934
218,344414.0,2286.0,16934
219,344414.0,2286.0,16934
220,344414.0,2286.0,16934
221,333682.0,2218.0,16718
222,333682.0,2218.0,16718
223,333682.0,2218.0,16718
224,326026.0,2174.0,16564
225,325999.0,2201.0,16564
226,314194.0,2106.0,16326
227,314194.0,2106.0,16326
228,314191.0,2109.0,16326
229,314172.0,2128.0,16326
230,304035.0,2065.0,16122
231,299571.0,2029.0,16032
232,298804.0,2096.0,16018
233,298804.0,2096.0,16018
234,298804.0,2096.0,16018
235,298804.0,2096.0,16018
236,298804.0,2096.0,16018
237,297839.0,2161.0,16000
238,297839.0,2161.0,16000
239,297839.0,2161.0,16000
240,297839.0,2161.0,16000
241,297839.0,2161.0,16000
242,291937.0,2113.0,15881
243,287464.0,2086.0,15791
244,287464.0,2086.0,15791
245,287464.0,2086.0,15791
246,282406.0,2044.0,15689
247,282406.0,2044.0,15689
248,282378.0,2072.0,15689
249,282362.0,2088.0,15689
250,282362.0,2088.0,15689
251,275413.0,2037.0,15549
252,275413.0,2037.0,15549
253,275413.0,2037.0,15549
254,275413.0,2037.0,15549
255,272698.0,2052.0,15495
256,260860.0,1990.0,15257
257,259345.0,2005.0,15227
258,259345.0,2005.0,15227
259,259345.0,2005.0,15227
260,259345.0,2005.0,15227
261,249223.0,1927.0,15023
262,249223.0,1927.0,15023
263,249223.0,1927.0,15023
264,249223.0,1927.0,15023
265,249223.0,1927.0,15023
266,247121.0,1929.0,14981
267,247121.0,1929.0,14981
268,247121.0,1929.0,14981
269,247121.0,1929.0,14981
270,247121.0,1929.0,14981
271,235316.0,1834.0,14743
272,235316.0,1834.0,14743
273,235316.0,1834.0,14743
274,235316.0,1834.0,14743
275,235316.0,1834.0,14743
276,235302.0,1848.0,14743
277,235302.0,1848.0,14743
278,235302.0,1848.0,14743
279,235302.0,1848.0,14743
280,235302.0,1848.0,14743
281,235302.0,1848.0,14743
282,233769.0,1981.0,14715
283,233769.0,1981.0,14715
284,233769.0,1981.0,14715
285,233769.0,1981.0,14715
286,233769.0,1981.0,14715
287,233769.0,1981.0,14715
288,233769.0,1981.0,14715
289,233769.0,1981.0,14715
290,227866.0,1934.0,14596
291,227866.0,1934.0,14596
292,226672.0,1928.0,14572
293,226672.0,1928.0,14572
294,226672.0,1928.0,14572
295,226672.0,1928.0,14572
296,226672.0,1928.0,14572
297,226672.0,1928.0,14572
298,226672.0,1928.0,14572
299,226672.0,1928.0,14572
300,222208.0,1892.0,14482
301,222208.0,1892.0,14482
302,222208.0,1892.0,14482
303,222208.0,1892.0,14482
304,222208.0,1892.0,14482
305,222208.0,1892.0,14482
306,220697.0,1903.0,14452
307,214778.0,1872.0,14333
308,214778.0,1872.0,14333
309,205263.0,1787.0,14141
310,200506.0,1744.0,14045
311,200506.0,1744.0,14045
312,196032.0,1718.0,13955
313,196032.0,1718.0,13955
314,184209.0,1641.0,13717
315,184129.0,1721.0,13717
316,184129.0,1721.0,13717
317,184129.0,1721.0,13717
318,184129.0,1721.0,13717
319,184129.0,1721.0,13717
320,174614.0,1636.0,13525
321,165099.0,1551.0,13333
322,165099.0,1551.0,13333
323,153294.0,1456.0,13095
324,153286.0,1464.0,13095
325,153286.0,1464.0,13095
326,153286.0,1464.0,13095
327,153286.0,1464.0,13095
328,148528.0,1422.0,12999
329,140901.0,1399.0,12846
330,140901.0,1399.0,12846
331,140841.0,1459.0,12846
332,140838.0,1462.0,12846
333,134920.0,1430.0,12727
334,134920.0,1430.0,12727
335,134920.0,1430.0,12727
336,129017.0,1383.0,12608
337,124260.0,1340.0,12512
338,124260.0,1340.0,12512
339,124260.0,1340.0,12512
340,118358.0,1292.0,12393
341,118349.0,1301.0,12393
342,118349.0,1301.0,12393
343,118349.0,1301.0,12393
344,118349.0,1301.0,12393
345,118349.0,1301.0,12393
346,112446.0,1254.0,12274
347,97141.0,1159.0,11966
348,97141.0,1159.0,11966
349,97141.0,1159.0,11966
350,97141.0,1159.0,11966
351,94004.0,1146.0,11903
352,94004.0,1146.0,11903
353,94004.0,1146.0,11903
354,94004.0,1146.0,11903
355,94004.0,1146.0,11903
356,94004.0,1146.0,11903
357,94004.0,1146.0,11903
358,94004.0,1146.0,11903
359,94004.0,1146.0,11903
360,94004.0,1146.0,11903
361,94004.0,1146.0,11903
362,94004.0,1146.0,11903
363,94004.0,1146.0,11903
364,84469.0,1081.0,11711
365,84469.0,1081.0,11711
366,84469.0,1081.0,11711
367,84469.0,1081.0,11711
368,84469.0,1081.0,11711
369,84469.0,1081.0,11711
370,78566.0,1034.0,11592
371,78566.0,1034.0,11592
372,78566.0,1034.0,11592
373,78566.0,1034.0,11592
374,78566.0,1034.0,11592
375,78559.0,1041.0,11592
376,78559.0,1041.0,11592
377,72656.0,994.0,11473
378,60821.0,929.0,11235
379,54918.0,882.0,11116
380,39613.0,787.0,10808
381,39613.0,787.0,10808
382,33695.0,755.0,10689
383,33695.0,755.0,10689
384,33695.0,755.0,10689
385,33695.0,755.0,10689
386,33695.0,755.0,10689
387,33695.0,755.0,10689
388,33695.0,755.0,10689
389,27777.0,723.0,10570
390,27777.0,723.0,10570
391,27777.0,723.0,10570
392,27777.0,723.0,10570
393,27777.0,723.0,10570
394,27777.0,723.0,10570
395,27777.0,723.0,10570
396,27777.0,723.0,10570
397,23314.0,686.0,10480
398,23314.0,686.0,10480
399,23314.0,686.0,10480
400,23314.0,686.0,10480
401,23314.0,686.0,10480
402,23314.0,686.0,10480
403,23314.0,686.0,10480
404,23314.0,686.0,10480
405,23314.0,686.0,10480
406,23314.0,686.0,10480
407,23314.0,686.0,10480
408,11509.0,591.0,10242
409,11509.0,591.0,10242
410,11509.0,591.0,10242
411,11509.0,591.0,10242
412,11509.0,591.0,10242
413,11509.0,591.0,10242
414,11509.0,591.0,10242
415,11509.0,591.0,10242
416,11509.0,591.0,10242
417,11509.0,591.0,10242
418,-504.0,504.0,9990
419,-504.0,504.0,9990
420,-504.0,504.0,9990
421,-504.0,504.0,9990
422,-504.0,504.0,9990
423,-504.0,504.0,9990
424,-504.0,504.0,9990
425,-504.0,504.0,9990
426,-504.0,504.0,9990
427,-504.0,504.0,9990
428,-504.0,504.0,9990
429,-504.0,504.0,9990
430,-504.0,504.0,9990
431,-504.0,504.0,9990
432,-504.0,504.0,9990
433,-509.0,509.0,9990
434,-509.0,509.0,9990
435,-509.0,509.0,9990
436,-509.0,509.0,9990
437,-509.0,509.0,9990
438,-509.0,509.0,9990
439,-509.0,509.0,9990
440,-509.0,509.0,9990
441,-509.0,509.0,9990
442,-509.0,509.0,9990
443,-509.0,509.0,9990
444,-509.0,509.0,9990
445,-509.0,509.0,9990
446,-509.0,509.0,9990
447,-509.0,509.0,9990
448,-509.0,509.0,9990
449,-509.0,509.0,9990
450,-509.0,509.0,9990
451,-509.0,509.0,9990
452,-509.0,509.0,9990
453,-509.0,509.0,9990
454,-509.0,509.0,9990
455,-509.0,509.0,9990
456,-669.0,669.0,9990
457,-669.0,669.0,9990
458,-669.0,669.0,9990
459,-718.0,718.0,9961
460,-718.0,718.0,9961
461,-718.0,718.0,9961
462,-718.0,718.0,9961
463,-718.0,718.0,9961
464,-718.0,718.0,9961
465,-718.0,718.0,9961
466,-718.0,718.0,9961
467,-718.0,718.0,9961
468,-718.0,718.0,9961
469,-718.0,718.0,9961
470,-718.0,718.0,9961
471,-718.0,718.0,9961
472,-718.0,718.0,9961
473,-718.0,718.0,9961
474,-719.0,719.0,9961
475,-719.0,719.0,9961
476,-719.0,719.0,9961
477,-719.0,719.0,9961
478,-719.0,719.0,9961
479,-719.0,719.0,9961
480,-719.0,719.0,9961
481,-733.0,733.0,9961
482,-733.0,733.0,9961
483,-733.0,733.0,9961
484,-733.0,733.0,9961
485,-733.0,733.0,9961
486,-733.0,733.0,9961
487,-733.0,733.0,9961
488,-733.0,733.0,9961
489,-733.0,733.0,9961
490,-733.0,733.0,9961
491,-733.0,733.0,9961
492,-733.0,733.0,9961
493,-733.0,733.0,9961
494,-733.0,733.0,9961
495,-733.0,733.0,9961
496,-733.0,733.0,9961
497,-733.0,733.0,9961
498,-733.0,733.0,9961
499,-733.0,733.0,9961
500,-733.0,733.0,9961
501,-733.0,733.0,9961
502,-733.0,733.0,9961
503,-733.0,733.0,9961
504,-733.0,733.0,9961
505,-733.0,733.0,9961
506,-733.0,733.0,9961
507,-733.0,733.0,9961
508,-733.0,733.0,9961
509,-733.0,733.0,9961
510,-733.0,733.0,9961
511,-733.0,733.0,9961
512,-733.0,733.0,9961
513,-733.0,733.0,9961
514,-733.0,733.0,9961
515,-733.0,733.0,9961
516,-733.0,733.0,9961
517,-733.0,733.0,9961
518,-733.0,733.0,9961
519,-733.0,733.0,9961
520,-733.0,733.0,9961
521,-733.0,733.0,9961
522,-733.0,733.0,9961
523,-733.0,733.0,9961
524,-733.0,733.0,9961
525,-733.0,733.0,9961
526,-733.0,733.0,9961
527,-733.0,733.0,9961
528,-733.0,733.0,9961
529,-733.0,733.0,9961
530,-733.0,733.0,9961
531,-733.0,733.0,9961
532,-733.0,733.0,9961
533,-733.0,733.0,9961
534,-733.0,733.0,9961
535,-733.0,733.0,9961
536,-733.0,733.0,9961
537,-733.0,733.0,9961
538,-739.0,739.0,9982
539,-739.0,739.0,9982
540,-739.0,739.0,9982
541,-739.0,739.0,9982
542,-739.0,739.0,9982
543,-739.0,739.0,9982
544,-739.0,739.0,9982
545,-739.0,739.0,9982
546,-739.0,739.0,9982
547,-739.0,739.0,9982
548,-739.0,739.0,9982
549,-739.0,739.0,9982
550,-739.0,739.0,9982
551,-739.0,739.0,9982
552,-739.0,739.0,9982
553,-739.0,739.0,9982
554,-739.0,739.0,9982
555,-739.0,739.0,9982
556,-739.0,739.0,9982
557,-739.0,739.0,9982
558,-739.0,739.0,9982
559,-739.0,739.0,9982
560,-739.0,739.0,9982
561,-739.0,739.0,9982
562,-739.0,739.0,9982
563,-739.0,739.0,9982
564,-739.0,739.0,9982
565,-739.0,739.0,9982
566,-739.0,739.0,9982
567,-739.0,739.0,9982
568,-758.0,758.0,9982
569,-758.0,758.0,9982
570,-758.0,758.0,9982
571,-758.0,758.0,9982
572,-758.0,758.0,9982
573,-758.0,758.0,9982
574,-758.0,758.0,9982
575,-763.0,763.0,9982
576,-763.0,763.0,9982
577,-763.0,763.0,9982
578,-763.0,763.0,9982
579,-763.0,763.0,9982
580,-763.0,763.0,9982
581,-763.0,763.0,9982
582,-763.0,763.0,9982
583,-763.0,763.0,9982
584,-763.0,763.0,9982
585,-763.0,763.0,9982
586,-763.0,763.0,9982
587,-763.0,763.0,9982
588,-763.0,763.0,9982
589,-763.0,763.0,9982
590,-763.0,763.0,9982
591,-763.0,763.0,9982
592,-763.0,763.0,9982
593,-763.0,763.0,9982
594,-765.0,765.0,9982
595,-765.0,765.0,9982
596,-765.0,765.0,9982
597,-765.0,765.0,9982
598,-765.0,765.0,9982
599,-765.0,765.0,9982
600,-765.0,765.0,9982
601,-765.0,765.0,9982
602,-765.0,765.0,9982
603,-765.0,765.0,9982
604,-765.0,765.0,9982
605,-765.0,765.0,9982
606,-765.0,765.0,9982
607,-765.0,765.0,9982
608,-765.0,765.0,9982
609,-765.0,765.0,9982
610,-765.0,765.0,9982
611,-765.0,765.0,9982
612,-765.0,765.0,9982
613,-765.0,765.0,9982
614,-765.0,765.0,9982
615,-765.0,765.0,9982
616,-765.0,765.0,9982
617,-765.0,765.0,9982
618,-765.0,765.0,9982
619,-765.0,765.0,9982
620,-765.0,765.0,9982
621,-765.0,765.0,9982
622,-765.0,765.0,9982
623,-765.0,765.0,9982
624,-765.0,765.0,9982
625,-765.0,765.0,9982
626,-765.0,765.0,9982
627,-765.0,765.0,9982
628,-765.0,765.0,9982
629,-765.0,765.0,9982
630,-765.0,765.0,9982
631,-765.0,765.0,9982
632,-765.0,765.0,9982
633,-765.0,765.0,9982
634,-765.0,765.0,9982
635,-765.0,765.0,9982
636,-765.0,765.0,9982
637,-765.0,765.0,9982
638,-765.0,765.0,9982
639,-885.0,885.0,9982
640,-885.0,885.0,9982
641,-885.0,885.0,9982
642,-885.0,885.0,9982
643,-885.0,885.0,9982
644,-885.0,885.0,9982
645,-885.0,885.0,9982
646,-885.0,885.0,9982
647,-885.0,885.0,9982
648,-885.0,885.0,9982
649,-885.0,885.0,9982
650,-885.0,885.0,9982
651,-885.0,885.0,9982
652,-885.0,885.0,9982
653,-885.0,885.0,9982
654,-885.0,885.0,9982
655,-885.0,885.0,9982
656,-885.0,885.0,9982
657,-885.0,885.0,9982
658,-885.0,885.0,9982
659,-885.0,885.0,9982
660,-885.0,885.0,9982
661,-885.0,885.0,9982
662,-889.0,889.0,9996
663,-889.0,889.0,9996
664,-889.0,889.0,9996
665,-889.0,889.0,9996
666,-889.0,889.0,9996
667,-889.0,889.0,9996
668,-889.0,889.0,9996
669,-889.0,889.0,9996
670,-889.0,889.0,9996
671,-889.0,889.0,9996
672,-889.0,889.0,9996
673,-889.0,889.0,9996
674,-889.0,889.0,9996
675,-889.0,889.0,9996
676,-889.0,889.0,9996
677,-889.0,889.0,9996
678,-889.0,889.0,9996
679,-889.0,889.0,9996
680,-889.0,889.0,9996
681,-889.0,889.0,9996
682,-889.0,889.0,9996
683,-889.0,889.0,9996
684,-889.0,889.0,9996
685,-889.0,889.0,9996
686,-889.0,889.0,9996
687,-889.0,889.0,9996
688,-889.0,889.0,9996
689,-889.0,889.0,9996
690,-889.0,889.0,9996
691,-889.0,889.0,9996
692,-889.0,889.0,9996
693,-889.0,889.0,9996
694,-889.0,889.0,9996
695,-889.0,889.0,9996
696,-889.0,889.0,9996
697,-889.0,889.0,9996
698,-889.0,889.0,9996
699,-889.0,889.0,9996
700,-889.0,889.0,9996
701,-889.0,889.0,9996
702,-889.0,889.0,9996
703,-889.0,889.0,9996
704,-889.0,889.0,9996
705,-889.0,889.0,9996
706,-889.0,889.0,9996
707,-889.0,889.0,9996
708,-889.0,889.0,9996
709,-889.0,889.0,9996
710,-889.0,889.0,9996
711,-889.0,889.0,9996
712,-889.0,889.0,9996
713,-889.0,889.0,9996
714,-889.0,889.0,9996
715,-889.0,889.0,9996
716,-889.0,889.0,9996
717,-889.0,889.0,9996
718,-889.0,889.0,9996
719,-889.0,889.0,9996
720,-889.0,889.0,9996
721,-889.0,889.0,9996
722,-889.0,889.0,9996
723,-889.0,889.0,9996
724,-889.0,889.0,9996
725,-889.0,889.0,9996
726,-889.0,889.0,9996
727,-889.0,889.0,9996
728,-889.0,889.0,9996
729,-889.0,889.0,9996
730,-889.0,889.0,9996
731,-889.0,889.0,9996
732,-889.0,889.0,9996
733,-889.0,889.0,9996
734,-889.0,889.0,9996
735,-889.0,889.0,9996
736,-889.0,889.0,9996
737,-889.0,889.0,9996
738,-889.0,889.0,9996
739,-889.0,889.0,9996
740,-889.0,889.0,9996
741,-889.0,889.0,9996
742,-889.0,889.0,9996
743,-889.0,889.0,9996
744,-889.0,889.0,9996
745,-889.0,889.0,9996
746,-889.0,889.0,9996
747,-889.0,889.0,9996
748,-889.0,889.0,9996
749,-889.0,889.0,9996
750,-889.0,889.0,9996
751,-889.0,889.0,9996
752,-889.0,889.0,9996
753,-889.0,889.0,9996
754,-890.0,890.0,9996
755,-890.0,890.0,9996
756,-890.0,890.0,9996
757,-890.0,890.0,9996
758,-890.0,890.0,9996
759,-890.0,890.0,9996
760,-890.0,890.0,9996
761,-890.0,890.0,9996
762,-890.0,890.0,9996
763,-890.0,890.0,9996
764,-890.0,890.0,9996
765,-890.0,890.0,9996
766,-890.0,890.0,9996
767,-890.0,890.0,9996
768,-890.0,890.0,9996
769,-890.0,890.0,9996
770,-890.0,890.0,9996
771,-890.0,890.0,9996
772,-890.0,890.0,9996
773,-890.0,890.0,9996
774,-890.0,890.0,9996
775,-890.0,890.0,9996
776,-890.0,890.0,9996
777,-890.0,890.0,9996
778,-929.0,929.0,9996
779,-929.0,929.0,9996
780,-929.0,929.0,9996
781,-929.0,929.0,9996
782,-929.0,929.0,9996
783,-929.0,929.0,9996
784,-929.0,929.0,9996
785,-929.0,929.0,9996
786,-929.0,929.0,9996
787,-929.0,929.0,9996
788,-929.0,929.0,9996
789,-929.0,929.0,9996
790,-929.0,929.0,9996
791,-929.0,929.0,9996
792,-929.0,929.0,9996
793,-929.0,929.0,9996
794,-929.0,929.0,9996
795,-929.0,929.0,9996
796,-929.0,929.0,9996
797,-929.0,929.0,9996
798,-929.0,929.0,9996
799,-929.0,929.0,9996
800,-929.0,929.0,9996
801,-929.0,929.0,9996
802,-929.0,929.0,9996
803,-929.0,929.0,9996
804,-929.0,929.0,9996
805,-929.0,929.0,9996
806,-929.0,929.0,9996
807,-929.0,929.0,9996
808,-929.0,929.0,9996
809,-929.0,929.0,9996
810,-929.0,929.0,9996
811,-929.0,929.0,9996
812,-929.0,929.0,9996
813,-929.0,929.0,9996
814,-929.0,929.0,9996
815,-929.0,929.0,9996
816,-929.0,929.0,9996
817,-929.0,929.0,9996
818,-929.0,929.0,9996
819,-929.0,929.0,9996
820,-929.0,929.0,9996
821,-929.0,929.0,9996
822,-929.0,929.0,9996
823,-929.0,929.0,9996
824,-929.0,929.0,9996
825,-929.0,929.0,9996
826,-929.0,929.0,9996
827,-929.0,929.0,9996
828,-929.0,929.0,9996
829,-929.0,929.0,9996
830,-929.0,929.0,9996
831,-929.0,929.0,9996
832,-929.0,929.0,9996
833,-929.0,929.0,9996
834,-929.0,929.0,9996
835,-929.0,929.0,9996
836,-929.0,929.0,9996
837,-929.0,929.0,9996
838,-929.0,929.0,9996
839,-929.0,929.0,9996
840,-929.0,929.0,9996
841,-929.0,929.0,9996
842,-929.0,929.0,9996
843,-929.0,929.0,9996
844,-929.0,929.0,9996
845,-929.0,929.0,9996
846,-929.0,929.0,9996
847,-929.0,929.0,9996
848,-929.0,929.0,9996
849,-929.0,929.0,9996
850,-929.0,929.0,9996
851,-929.0,929.0,9996
852,-929.0,929.0,9996
853,-929.0,929.0,9996
854,-929.0,929.0,9996
855,-929.0,929.0,9996
856,-929.0,929.0,9996
857,-929.0,929.0,9996
858,-929.0,929.0,9996
859,-929.0,929.0,9996
860,-929.0,929.0,9996
861,-929.0,929.0,9996
862,-929.0,929.0,9996
863,-929.0,929.0,9996
864,-929.0,929.0,9996
865,-929.0,929.0,9996
866,-929.0,929.0,9996
867,-929.0,929.0,9996
868,-929.0,929.0,9996
869,-929.0,929.0,9996
870,-929.0,929.0,9996
871,-929.0,929.0,9996
872,-929.0,929.0,9996
873,-929.0,929.0,9996
874,-929.0,929.0,9996
875,-929.0,929.0,9996
876,-929.0,929.0,9996
877,-929.0,929.0,9996
878,-929.0,929.0,9996
879,-929.0,929.0,9996
880,-929.0,929.0,9996
881,-929.0,929.0,9996
882,-929.0,929.0,9996
883,-929.0,929.0,9996
884,-929.0,929.0,9996
885,-929.0,929.0,9996
886,-929.0,929.0,9996
887,-929.0,929.0,9996
888,-929.0,929.0,9996
889,-929.0,929.0,9996
890,-929.0,929.0,9996
891,-929.0,929.0,9996
892,-929.0,929.0,9996
893,-929.0,929.0,9996
894,-929.0,929.0,9996
895,-929.0,929.0,9996
896,-929.0,929.0,9996
897,-929.0,929.0,9996
898,-929.0,929.0,9996
899,-929.0,929.0,9996
900,-929.0,929.0,9996
901,-929.0,929.0,9996
902,-929.0,929.0,9996
903,-929.0,929.0,9996
904,-929.0,929.0,9996
905,-929.0,929.0,9996
906,-929.0,929.0,9996
907,-929.0,929.0,9996
908,-929.0,929.0,9996
909,-929.0,929.0,9996
910,-929.0,929.0,9996
911,-929.0,929.0,9996
912,-929.0,929.0,9996
913,-929.0,929.0,9996
914,-929.0,929.0,9996
915,-929.0,929.0,9996
916,-929.0,929.0,9996
917,-929.0,929.0,9996
918,-929.0,929.0,9996
919,-929.0,929.0,9996
920,-929.0,929.0,9996
921,-929.0,929.0,9996
922,-929.0,929.0,9996
923,-929.0,929.0,9996
924,-929.0,929.0,9996
925,-929.0,929.0,9996
926,-929.0,929.0,9996
927,-929.0,929.0,9996
928,-929.0,929.0,9996
929,-929.0,929.0,9996
930,-929.0,929.0,9996
931,-929.0,929.0,9996
932,-929.0,929.0,9996
933,-929.0,929.0,9996
934,-929.0,929.0,9996
935,-929.0,929.0,9996
936,-929.0,929.0,9996
937,-929.0,929.0,9996
938,-929.0,929.0,9996
939,-929.0,929.0,9996
940,-929.0,929.0,9996
941,-929.0,929.0,9996
942,-929.0,929.0,9996
943,-929.0,929.0,9996
944,-929.0,929.0,9996
945,-929.0,929.0,9996
946,-929.0,929.0,9996
947,-929.0,929.0,9996
948,-929.0,929.0,9996
949,-929.0,929.0,9996
950,-929.0,929.0,9996
951,-929.0,929.0,9996
952,-929.0,929.0,9996
953,-929.0,929.0,9996
954,-929.0,929.0,9996
955,-929.0,929.0,9996
956,-929.0,929.0,9996
957,-929.0,929.0,9996
958,-929.0,929.0,9996
959,-929.0,929.0,9996
960,-929.0,929.0,9996
961,-929.0,929.0,9996
962,-929.0,929.0,9996
963,-929.0,929.0,9996
964,-929.0,929.0,9996
965,-929.0,929.0,9996
966,-929.0,929.0,9996
967,-929.0,929.0,9996
968,-929.0,929.0,9996
969,-929.0,929.0,9996
970,-929.0,929.0,9996
971,-929.0,929.0,9996
972,-929.0,929.0,9996
973,-929.0,929.0,9996
974,-929.0,929.0,9996
975,-929.0,929.0,9996
976,-929.0,929.0,9996
977,-929.0,929.0,9996
978,-929.0,929.0,9996
979,-929.0,929.0,9996
980,-929.0,929.0,9996
981,-929.0,929.0,9996
982,-929.0,929.0,9996
983,-929.0,929.0,9996
984,-929.0,929.0,9996
985,-929.0,929.0,9996
986,-929.0,929.0,9996
987,-929.0,929.0,9996
988,-929.0,929.0,9996
989,-929.0,929.0,9996
990,-929.0,929.0,9996
991,-929.0,929.0,9996
992,-929.0,929.0,9996
993,-929.0,929.0,9996
994,-929.0,929.0,9996
995,-929.0,929.0,9996
996,-929.0,929.0,9996
997,-929.0,929.0,9996
998,-929.0,929.0,9996
999,-929.0,929.0,9996
1000,-929.0,929.0,9996
1001,-929.0,929.0,9996
1002,-929.0,929.0,9996
1003,-929.0,929.0,9996
1004,-929.0,929.0,9996
1005,-929.0,929.0,9996
1006,-929.0,929.0,9996
1007,-929.0,929.0,9996
1008,-929.0,929.0,9996
1009,-929.0,929.0,9996
1010,-929.0,929.0,9996
1011,-929.0,929.0,9996
1012,-929.0,929.0,9996
1013,-929.0,929.0,9996
1014,-929.0,929.0,9996
1015,-929.0,929.0,9996
1016,-929.0,929.0,9996
1017,-931.0,931.0,9996
1018,-931.0,931.0,9996
1019,-931.0,931.0,9996
1020,-931.0,931.0,9996
1021,-931.0,931.0,9996
1022,-931.0,931.0,9996
1023,-931.0,931.0,9996
1024,-931.0,931.0,9996
1025,-931.0,931.0,9996
1026,-931.0,931.0,9996
1027,-931.0,931.0,9996
1028,-931.0,931.0,9996
1029,-931.0,931.0,9996
1030,-931.0,931.0,9996
1031,-931.0,931.0,9996
1032,-931.0,931.0,9996
1033,-931.0,931.0,9996
1034,-931.0,931.0,9996
1035,-931.0,931.0,9996
1036,-931.0,931.0,9996
1037,-931.0,931.0,9996
1038,-931.0,931.0,9996
1039,-931.0,931.0,9996
1040,-931.0,931.0,9996
1041,-931.0,931.0,9996
1042,-931.0,931.0,9996
1043,-931.0,931.0,9996
1044,-931.0,931.0,9996
1045,-931.0,931.0,9996
1046,-931.0,931.0,9996
1047,-931.0,931.0,9996
1048,-931.0,931.0,9996
1049,-931.0,931.0,9996
1050,-931.0,931.0,9996
1051,-931.0,931.0,9996
1052,-931.0,931.0,9996
1053,-931.0,931.0,9996
1054,-931.0,931.0,9996
1055,-931.0,931.0,9996
1056,-931.0,931.0,9996
1057,-931.0,931.0,9996
1058,-931.0,931.0,9996
1059,-931.0,931.0,9996
1060,-931.0,931.0,9996
1061,-931.0,931.0,9996
1062,-931.0,931.0,9996
1063,-931.0,931.0,9996
1064,-931.0,931.0,9996
1065,-931.0,931.0,9996
1066,-931.0,931.0,9996
1067,-931.0,931.0,9996
1068,-931.0,931.0,9996
1069,-931.0,931.0,9996
1070,-931.0,931.0,9996
1071,-931.0,931.0,9996
1072,-931.0,931.0,9996
1073,-931.0,931.0,9996
1074,-931.0,931.0,9996
1075,-931.0,931.0,9996
1076,-931.0,931.0,9996
1077,-931.0,931.0,9996
1078,-931.0,931.0,9996
1079,-931.0,931.0,9996
1080,-931.0,931.0,9996
1081,-931.0,931.0,9996
1082,-931.0,931.0,9996
1083,-931.0,931.0,9996
1084,-931.0,931.0,9996
1085,-931.0,931.0,9996
1086,-931.0,931.0,9996
1087,-931.0,931.0,9996
1088,-931.0,931.0,9996
1089,-931.0,931.0,9996
1090,-931.0,931.0,9996
1091,-931.0,931.0,9996
1092,-931.0,931.0,9996
1093,-931.0,931.0,9996
1094,-931.0,931.0,9996
1095,-931.0,931.0,9996
1096,-931.0,931.0,9996
1097,-931.0,931.0,9996
1098,-931.0,931.0,9996
1099,-931.0,931.0,9996
1100,-931.0,931.0,9996
1101,-931.0,931.0,9996
1102,-931.0,931.0,9996
1103,-931.0,931.0,9996
1104,-931.0,931.0,9996
1105,-931.0,931.0,9996
1106,-931.0,931.0,9996
1107,-931.0,931.0,9996
1108,-931.0,931.0,9996
1109,-931.0,931.0,9996
1110,-931.0,931.0,9996
1111,-931.0,931.0,9996
1112,-931.0,931.0,9996
1113,-931.0,931.0,9996
1114,-931.0,931.0,9996
1115,-931.0,931.0,9996
1116,-931.0,931.0,9996
1117,-931.0,931.0,9996
1118,-931.0,931.0,9996
1119,-931.0,931.0,9996
1120,-931.0,931.0,9996
1121,-931.0,931.0,9996
1122,-931.0,931.0,9996
1123,-931.0,931.0,9996
1124,-931.0,931.0,9996
1125,-931.0,931.0,9996
1126,-931.0,931.0,9996
1127,-931.0,931.0,9996
1128,-931.0,931.0,9996
1129,-931.0,931.0,9996
1130,-931.0,931.0,9996
1131,-931.0,931.0,9996
1132,-931.0,931.0,9996
1133,-931.0,931.0,9996
1134,-931.0,931.0,9996
1135,-931.0,931.0,9996
1136,-931.0,931.0,9996
1137,-931.0,931.0,9996
1138,-931.0,931.0,9996
1139,-931.0,931.0,9996
1140,-931.0,931.0,9996
1141,-931.0,931.0,9996
1142,-931.0,931.0,9996
1143,-931.0,931.0,9996
1144,-931.0,931.0,9996
1145,-931.0,931.0,9996
1146,-931.0,931.0,9996
1147,-931.0,931.0,9996
1148,-931.0,931.0,9996
1149,-931.0,931.0,9996
1150,-931.0,931.0,9996
1151,-931.0,931.0,9996
1152,-931.0,931.0,9996
1153,-931.0,931.0,9996
1154,-931.0,931.0,9996
1155,-931.0,931.0,9996
1156,-931.0,931.0,9996
1157,-931.0,931.0,9996
1158,-931.0,931.0,9996
1159,-931.0,931.0,9996
1160,-931.0,931.0,9996
1161,-931.0,931.0,9996
1162,-931.0,931.0,9996
1163,-931.0,931.0,9996
1164,-931.0,931.0,9996
1165,-931.0,931.0,9996
1166,-931.0,931.0,9996
1167,-931.0,931.0,9996
1168,-931.0,931.0,9996
1169,-931.0,931.0,9996
1170,-931.0,931.0,9996
1171,-931.0,931.0,9996
1172,-931.0,931.0,9996
1173,-931.0,931.0,9996
1174,-931.0,931.0,9996
1175,-931.0,931.0,9996
1176,-931.0,931.0,9996
1177,-931.0,931.0,9996
1178,-931.0,931.0,9996
1179,-931.0,931.0,9996
1180,-931.0,931.0,9996
1181,-931.0,931.0,9996
1182,-931.0,931.0,9996
1183,-931.0,931.0,9996
1184,-931.0,931.0,9996
1185,-931.0,931.0,9996
1186,-931.0,931.0,9996
1187,-931.0,931.0,9996
1188,-931.0,931.0,9996
1189,-931.0,931.0,9996
1190,-931.0,931.0,9996
1191,-931.0,931.0,9996
1192,-931.0,931.0,9996
1193,-931.0,931.0,9996
1194,-931.0,931.0,9996
1195,-931.0,931.0,9996
1196,-931.0,931.0,9996
1197,-931.0,931.0,9996
1198,-931.0,931.0,9996
1199,-931.0,931.0,9996
1200,-931.0,931.0,9996
1201,-931.0,931.0,9996
1202,-931.0,931.0,9996
1203,-931.0,931.0,9996
1204,-931.0,931.0,9996
1205,-931.0,931.0,9996
1206,-931.0,931.0,9996
1207,-931.0,931.0,9996
1208,-931.0,931.0,9996
1209,-931.0,931.0,9996
1210,-931.0,931.0,9996
1211,-931.0,931.0,9996
1212,-931.0,931.0,9996
1213,-931.0,931.0,9996
1214,-931.0,931.0,9996
1215,-931.0,931.0,9996
1216,-931.0,931.0,9996
1217,-931.0,931.0,9996
1218,-931.0,931.0,9996
1219,-931.0,931.0,9996
1220,-931.0,931.0,9996
1221,-931.0,931.0,9996
1222,-931.0,931.0,9996
1223,-931.0,931.0,9996
1224,-931.0,931.0,9996
1225,-931.0,931.0,9996
1226,-931.0,931.0,9996
1227,-931.0,931.0,9996
1228,-931.0,931.0,9996
1229,-931.0,931.0,9996
1230,-931.0,931.0,9996
1231,-931.0,931.0,9996
1232,-931.0,931.0,9996
1233,-931.0,931.0,9996
1234,-931.0,931.0,9996
1235,-931.0,931.0,9996
1236,-931.0,931.0,9996
1237,-931.0,931.0,9996
1238,-931.0,931.0,9996
1239,-931.0,931.0,9996
1240,-931.0,931.0,9996
1241,-931.0,931.0,9996
1242,-931.0,931.0,9996
1243,-933.0,933.0,9996
1244,-933.0,933.0,9996
1245,-933.0,933.0,9996
1246,-933.0,933.0,9996
1247,-933.0,933.0,9996
1248,-933.0,933.0,9996
1249,-933.0,933.0,9996
1250,-933.0,933.0,9996
1251,-933.0,933.0,9996
1252,-933.0,933.0,9996
1253,-933.0,933.0,9996
1254,-933.0,933.0,9996
1255,-933.0,933.0,9996
1256,-933.0,933.0,9996
1257,-933.0,933.0,9996
1258,-933.0,933.0,9996
1259,-933.0,933.0,9996
1260,-933.0,933.0,9996
1261,-933.0,933.0,9996
1262,-933.0,933.0,9996
1263,-933.0,933.0,9996
1264,-933.0,933.0,9996
1265,-933.0,933.0,9996
1266,-933.0,933.0,9996
1267,-933.0,933.0,9996
1268,-933.0,933.0,9996
1269,-933.0,933.0,9996
1270,-933.0,933.0,9996
1271,-933.0,933.0,9996
1272,-933.0,933.0,9996
1273,-933.0,933.0,9996
1274,-933.0,933.0,9996
1275,-933.0,933.0,9996
1276,-933.0,933.0,9996
1277,-933.0,933.0,9996
1278,-933.0,933.0,9996
1279,-933.0,933.0,9996
1280,-933.0,933.0,9996
1281,-933.0,933.0,9996
1282,-933.0,933.0,9996
1283,-933.0,933.0,9996
1284,-933.0,933.0,9996
1285,-933.0,933.0,9996
1286,-933.0,933.0,9996
1287,-933.0,933.0,9996
1288,-933.0,933.0,9996
1289,-933.0,933.0,9996
1290,-933.0,933.0,9996
1291,-933.0,933.0,9996
1292,-933.0,933.0,9996
1293,-933.0,933.0,9996
1294,-933.0,933.0,9996
1295,-933.0,933.0,9996
1296,-933.0,933.0,9996
1297,-933.0,933.0,9996
1298,-933.0,933.0,9996
1299,-933.0,933.0,9996
1300,-939.0,939.0,9954
1301,-939.0,939.0,9954
1302,-939.0,939.0,9954
1303,-939.0,939.0,9954
1304,-939.0,939.0,9954
1305,-939.0,939.0,9954
1306,-939.0,939.0,9954
1307,-939.0,939.0,9954
1308,-939.0,939.0,9954
1309,-939.0,939.0,9954
1310,-939.0,939.0,9954
1311,-939.0,939.0,9954
1312,-939.0,939.0,9954
1313,-939.0,939.0,9954
1314,-939.0,939.0,9954
1315,-939.0,939.0,9954
1316,-939.0,939.0,9954
1317,-939.0,939.0,9954
1318,-939.0,939.0,9954
1319,-939.0,939.0,9954
1320,-939.0,939.0,9954
1321,-939.0,939.0,9954
1322,-939.0,939.0,9954
1323,-939.0,939.0,9954
1324,-939.0,939.0,9954
1325,-939.0,939.0,9954
1326,-939.0,939.0,9954
1327,-939.0,939.0,9954
1328,-939.0,939.0,9954
1329,-939.0,939.0,9954
1330,-939.0,939.0,9954
1331,-939.0,939.0,9954
1332,-939.0,939.0,9954
1333,-939.0,939.0,9954
1334,-939.0,939.0,9954
1335,-939.0,939.0,9954
1336,-939.0,939.0,9954
1337,-939.0,939.0,9954
1338,-939.0,939.0,9954
1339,-939.0,939.0,9954
1340,-939.0,939.0,9954
1341,-939.0,939.0,9954
1342,-939.0,939.0,9954
1343,-939.0,939.0,9954
1344,-939.0,939.0,9954
1345,-939.0,939.0,9954
1346,-939.0,939.0,9954
1347,-939.0,939.0,9954
1348,-939.0,939.0,9954
1349,-939.0,939.0,9954
1350,-939.0,939.0,9954
1351,-939.0,939.0,9954
1352,-939.0,939.0,9954
1353,-939.0,939.0,9954
1354,-939.0,939.0,9954
1355,-941.0,941.0,9954
1356,-941.0,941.0,9954
1357,-941.0,941.0,9954
1358,-941.0,941.0,9954
1359,-941.0,941.0,9954
1360,-941.0,941.0,9954
1361,-941.0,941.0,9954
1362,-941.0,941.0,9954
1363,-941.0,941.0,9954
1364,-941.0,941.0,9954
1365,-941.0,941.0,9954
1366,-941.0,941.0,9954
1367,-941.0,941.0,9954
1368,-941.0,941.0,9954
1369,-941.0,941.0,9954
1370,-941.0,941.0,9954
1371,-941.0,941.0,9954
1372,-941.0,941.0,9954
1373,-941.0,941.0,9954
1374,-941.0,941.0,9954
1375,-941.0,941.0,9954
1376,-941.0,941.0,9954
1377,-941.0,941.0,9954
1378,-941.0,941.0,9954
1379,-941.0,941.0,9954
1380,-941.0,941.0,9954
1381,-941.0,941.0,9954
1382,-941.0,941.0,9954
1383,-941.0,941.0,9954
1384,-941.0,941.0,9954
1385,-941.0,941.0,9954
1386,-941.0,941.0,9954
1387,-941.0,941.0,9954
1388,-941.0,941.0,9954
1389,-941.0,941.0,9954
1390,-941.0,941.0,9954
1391,-941.0,941.0,9954
1392,-941.0,941.0,9954
1393,-941.0,941.0,9954
1394,-941.0,941.0,9954
1395,-941.0,941.0,9954
1396,-941.0,941.0,9954
1397,-941.0,941.0,9954
1398,-941.0,941.0,9954
1399,-941.0,941.0,9954
1400,-941.0,941.0,9954
1401,-941.0,941.0,9954
1402,-941.0,941.0,9954
1403,-941.0,941.0,9954
1404,-941.0,941.0,9954
1405,-941.0,941.0,9954
1406,-941.0,941.0,9954
1407,-941.0,941.0,9954
1408,-941.0,941.0,9954
1409,-941.0,941.0,9954
1410,-941.0,941.0,9954
1411,-941.0,941.0,9954
1412,-941.0,941.0,9954
1413,-941.0,941.0,9954
1414,-941.0,941.0,9954
1415,-941.0,941.0,9954
1416,-941.0,941.0,9954
1417,-941.0,941.0,9954
1418,-941.0,941.0,9954
1419,-941.0,941.0,9954
1420,-941.0,941.0,9954
1421,-941.0,941.0,9954
1422,-941.0,941.0,9954
1423,-941.0,941.0,9954
1424,-941.0,941.0,9954
1425,-941.0,941.0,9954
1426,-941.0,941.0,9954
1427,-941.0,941.0,9954
1428,-941.0,941.0,9954
1429,-941.0,941.0,9954
1430,-941.0,941.0,9954
1431,-941.0,941.0,9954
1432,-941.0,941.0,9954
1433,-941.0,941.0,9954
1434,-941.0,941.0,9954
1435,-941.0,941.0,9954
1436,-941.0,941.0,9954
1437,-941.0,941.0,9954
1438,-941.0,941.0,9954
1439,-941.0,941.0,9954
1440,-941.0,941.0,9954
1441,-941.0,941.0,9954
1442,-946.0,946.0,9954
1443,-946.0,946.0,9954
1444,-946.0,946.0,9954
1445,-946.0,946.0,9954
1446,-946.0,946.0,9954
1447,-946.0,946.0,9954
1448,-946.0,946.0,9954
1449,-946.0,946.0,9954
1450,-946.0,946.0,9954
1451,-946.0,946.0,9954
1452,-946.0,946.0,9954
1453,-946.0,946.0,9954
1454,-946.0,946.0,9954
1455,-946.0,946.0,9954
1456,-946.0,946.0,9954
1457,-946.0,946.0,9954
1458,-946.0,946.0,9954
1459,-946.0,946.0,9954
1460,-946.0,946.0,9954
1461,-946.0,946.0,9954
1462,-946.0,946.0,9954
1463,-946.0,946.0,9954
1464,-946.0,946.0,9954
1465,-946.0,946.0,9954
1466,-946.0,946.0,9954
1467,-946.0,946.0,9954
1468,-946.0,946.0,9954
1469,-946.0,946.0,9954
1470,-946.0,946.0,9954
1471,-946.0,946.0,9954
1472,-946.0,946.0,9954
1473,-946.0,946.0,9954
1474,-946.0,946.0,9954
1475,-946.0,946.0,9954
1476,-946.0,946.0,9954
1477,-946.0,946.0,9954
1478,-946.0,946.0,9954
1479,-946.0,946.0,9954
1480,-946.0,946.0,9954
1481,-946.0,946.0,9954
1482,-946.0,946.0,9954
1483,-946.0,946.0,9954
1484,-946.0,946.0,9954
1485,-946.0,946.0,9954
1486,-946.0,946.0,9954
1487,-946.0,946.0,9954
1488,-946.0,946.0,9954
1489,-946.0,946.0,9954
1490,-946.0,946.0,9954
1491,-946.0,946.0,9954
1492,-946.0,946.0,9954
1493,-946.0,946.0,9954
1494,-946.0,946.0,9954
1495,-946.0,946.0,9954
1496,-946.0,946.0,9954
1497,-946.0,946.0,9954
1498,-946.0,946.0,9954
1499,-946.0,946.0,9954
1500,-946.0,946.0,9954
1501,-946.0,946.0,9954
1502,-946.0,946.0,9954
1503,-946.0,946.0,9954
1504,-946.0,946.0,9954
1505,-946.0,946.0,9954
1506,-946.0,946.0,9954
1507,-946.0,946.0,9954
1508,-946.0,946.0,9954
1509,-946.0,946.0,9954
1510,-946.0,946.0,9954
1511,-946.0,946.0,9954
1512,-946.0,946.0,9954
1513,-946.0,946.0,9954
1514,-946.0,946.0,9954
1515,-946.0,946.0,9954
1516,-946.0,946.0,9954
1517,-946.0,946.0,9954
1518,-946.0,946.0,9954
1519,-946.0,946.0,9954
1520,-946.0,946.0,9954
1521,-946.0,946.0,9954
1522,-946.0,946.0,9954
1523,-946.0,946.0,9954
1524,-946.0,946.0,9954
1525,-946.0,946.0,9954
1526,-946.0,946.0,9954
1527,-946.0,946.0,9954
1528,-946.0,946.0,9954
1529,-946.0,946.0,9954
1530,-946.0,946.0,9954
1531,-946.0,946.0,9954
1532,-946.0,946.0,9954
1533,-946.0,946.0,9954
1534,-946.0,946.0,9954
1535,-946.0,946.0,9954
1536,-946.0,946.0,9954
1537,-946.0,946.0,9954
1538,-946.0,946.0,9954
1539,-946.0,946.0,9954
1540,-946.0,946.0,9954
1541,-946.0,946.0,9954
1542,-946.0,946.0,9954
1543,-946.0,946.0,9954
1544,-946.0,946.0,9954
1545,-946.0,946.0,9954
1546,-946.0,946.0,9954
1547,-946.0,946.0,9954
1548,-946.0,946.0,9954
1549,-946.0,946.0,9954
1550,-946.0,946.0,9954
1551,-946.0,946.0,9954
1552,-946.0,946.0,9954
1553,-946.0,946.0,9954
1554,-946.0,946.0,9954
1555,-946.0,946.0,9954
1556,-946.0,946.0,9954
1557,-946.0,946.0,9954
1558,-946.0,946.0,9954
1559,-946.0,946.0,9954
1560,-946.0,946.0,9954
1561,-946.0,946.0,9954
1562,-946.0,946.0,9954
1563,-946.0,946.0,9954
1564,-946.0,946.0,9954
1565,-946.0,946.0,9954
1566,-946.0,946.0,9954
1567,-946.0,946.0,9954
1568,-946.0,946.0,9954
1569,-946.0,946.0,9954
1570,-946.0,946.0,9954
1571,-946.0,946.0,9954
1572,-946.0,946.0,9954
1573,-946.0,946.0,9954
1574,-946.0,946.0,9954
1575,-946.0,946.0,9954
1576,-946.0,946.0,9954
1577,-946.0,946.0,9954
1578,-946.0,946.0,9954
1579,-946.0,946.0,9954
1580,-946.0,946.0,9954
1581,-946.0,946.0,9954
1582,-946.0,946.0,9954
1583,-946.0,946.0,9954
1584,-946.0,946.0,9954
1585,-946.0,946.0,9954
1586,-946.0,946.0,9954
1587,-946.0,946.0,9954
1588,-946.0,946.0,9954
1589,-946.0,946.0,9954
1590,-946.0,946.0,9954
1591,-946.0,946.0,9954
1592,-946.0,946.0,9954
1593,-946.0,946.0,9954
1594,-946.0,946.0,9954
1595,-951.0,951.0,9966
1596,-951.0,951.0,9966
1597,-951.0,951.0,9966
1598,-951.0,951.0,9966
1599,-951.0,951.0,9966
1600,-951.0,951.0,9966
1601,-951.0,951.0,9966
1602,-951.0,951.0,9966
1603,-951.0,951.0,9966
1604,-951.0,951.0,9966
1605,-951.0,951.0,9966
1606,-951.0,951.0,9966
1607,-951.0,951.0,9966
1608,-951.0,951.0,9966
1609,-951.0,951.0,9966
1610,-951.0,951.0,9966
1611,-951.0,951.0,9966
1612,-951.0,951.0,9966
1613,-951.0,951.0,9966
1614,-951.0,951.0,9966
1615,-951.0,951.0,9966
1616,-951.0,951.0,9966
1617,-951.0,951.0,9966
1618,-951.0,951.0,9966
1619,-951.0,951.0,9966
1620,-951.0,951.0,9966
1621,-951.0,951.0,9966
1622,-951.0,951.0,9966
1623,-951.0,951.0,9966
1624,-951.0,951.0,9966
1625,-951.0,951.0,9966
1626,-951.0,951.0,9966
1627,-951.0,951.0,9966
1628,-951.0,951.0,9966
1629,-951.0,951.0,9966
1630,-951.0,951.0,9966
1631,-951.0,951.0,9966
1632,-951.0,951.0,9966
1633,-951.0,951.0,9966
1634,-951.0,951.0,9966
1635,-951.0,951.0,9966
1636,-951.0,951.0,9966
1637,-951.0,951.0,9966
1638,-951.0,951.0,9966
1639,-951.0,951.0,9966
1640,-951.0,951.0,9966
1641,-951.0,951.0,9966
1642,-951.0,951.0,9966
1643,-951.0,951.0,9966
1644,-951.0,951.0,9966
1645,-951.0,951.0,9966
1646,-951.0,951.0,9966
1647,-951.0,951.0,9966
1648,-951.0,951.0,9966
1649,-951.0,951.0,9966
1650,-951.0,951.0,9966
1651,-951.0,951.0,9966
1652,-951.0,951.0,9966
1653,-951.0,951.0,9966
1654,-951.0,951.0,9966
1655,-951.0,951.0,9966
1656,-951.0,951.0,9966
1657,-951.0,951.0,9966
1658,-951.0,951.0,9966
1659,-951.0,951.0,9966
1660,-951.0,951.0,9966
1661,-951.0,951.0,9966
1662,-951.0,951.0,9966
1663,-951.0,951.0,9966
1664,-951.0,951.0,9966
1665,-951.0,951.0,9966
1666,-951.0,951.0,9966
1667,-951.0,951.0,9966
1668,-951.0,951.0,9966
1669,-951.0,951.0,9966
1670,-951.0,951.0,9966
1671,-951.0,951.0,9966
1672,-951.0,951.0,9966
1673,-951.0,951.0,9966
1674,-951.0,951.0,9966
1675,-951.0,951.0,9966
1676,-951.0,951.0,9966
1677,-951.0,951.0,9966
1678,-951.0,951.0,9966
1679,-951.0,951.0,9966
1680,-951.0,951.0,9966
1681,-951.0,951.0,9966
1682,-951.0,951.0,9966
1683,-951.0,951.0,9966
1684,-951.0,951.0,9966
1685,-951.0,951.0,9966
1686,-951.0,951.0,9966
1687,-951.0,951.0,9966
1688,-951.0,951.0,9966
1689,-951.0,951.0,9966
1690,-951.0,951.0,9966
1691,-951.0,951.0,9966
1692,-951.0,951.0,9966
1693,-951.0,951.0,9966
1694,-951.0,951.0,9966
1695,-951.0,951.0,9966
1696,-951.0,951.0,9966
1697,-951.0,951.0,9966
1698,-951.0,951.0,9966
1699,-951.0,951.0,9966
1700,-951.0,951.0,9966
1701,-951.0,951.0,9966
1702,-951.0,951.0,9966
1703,-951.0,951.0,9966
1704,-951.0,951.0,9966
1705,-951.0,951.0,9966
1706,-951.0,951.0,9966
1707,-951.0,951.0,9966
1708,-951.0,951.0,9966
1709,-951.0,951.0,9966
1710,-951.0,951.0,9966
1711,-951.0,951.0,9966
1712,-951.0,951.0,9966
1713,-951.0,951.0,9966
1714,-951.0,951.0,9966
1715,-951.0,951.0,9966
1716,-951.0,951.0,9966
1717,-951.0,951.0,9966
1718,-951.0,951.0,9966
1719,-951.0,951.0,9966
1720,-951.0,951.0,9966
1721,-951.0,951.0,9966
1722,-951.0,951.0,9966
1723,-951.0,951.0,9966
1724,-951.0,951.0,9966
1725,-951.0,951.0,9966
1726,-951.0,951.0,9966
1727,-951.0,951.0,9966
1728,-951.0,951.0,9966
1729,-951.0,951.0,9966
1730,-951.0,951.0,9966
1731,-951.0,951.0,9966
1732,-951.0,951.0,9966
1733,-951.0,951.0,9966
1734,-951.0,951.0,9966
1735,-951.0,951.0,9966
1736,-951.0,951.0,9966
1737,-951.0,951.0,9966
1738,-951.0,951.0,9966
1739,-951.0,951.0,9966
1740,-951.0,951.0,9966
1741,-951.0,951.0,9966
1742,-951.0,951.0,9966
1743,-951.0,951.0,9966
1744,-951.0,951.0,9966
1745,-951.0,951.0,9966
1746,-951.0,951.0,9966
1747,-951.0,951.0,9966
1748,-951.0,951.0,9966
1749,-951.0,951.0,9966
1750,-951.0,951.0,9966
1751,-951.0,951.0,9966
1752,-951.0,951.0,9966
1753,-951.0,951.0,9966
1754,-951.0,951.0,9966
1755,-951.0,951.0,9966
1756,-951.0,951.0,9966
1757,-951.0,951.0,9966
1758,-951.0,951.0,9966
1759,-951.0,951.0,9966
1760,-951.0,951.0,9966
1761,-951.0,951.0,9966
1762,-951.0,951.0,9966
1763,-951.0,951.0,9966
1764,-951.0,951.0,9966
1765,-951.0,951.0,9966
1766,-951.0,951.0,9966
1767,-951.0,951.0,9966
1768,-951.0,951.0,9966
1769,-951.0,951.0,9966
1770,-951.0,951.0,9966
1771,-951.0,951.0,9966
1772,-951.0,951.0,9966
1773,-951.0,951.0,9966
1774,-951.0,951.0,9966
1775,-951.0,951.0,9966
1776,-951.0,951.0,9966
1777,-951.0,951.0,9966
1778,-951.0,951.0,9966
1779,-951.0,951.0,9966
1780,-951.0,951.0,9966
1781,-951.0,951.0,9966
1782,-951.0,951.0,9966
1783,-951.0,951.0,9966
1784,-951.0,951.0,9966
1785,-951.0,951.0,9966
1786,-951.0,951.0,9966
1787,-951.0,951.0,9966
1788,-951.0,951.0,9966
1789,-951.0,951.0,9966
1790,-951.0,951.0,9966
1791,-951.0,951.0,9966
1792,-951.0,951.0,9966
1793,-951.0,951.0,9966
1794,-951.0,951.0,9966
1795,-951.0,951.0,9966
1796,-951.0,951.0,9966
1797,-951.0,951.0,9966
1798,-951.0,951.0,9966
1799,-951.0,951.0,9966
1800,-951.0,951.0,9966
1801,-951.0,951.0,9966
1802,-951.0,951.0,9966
1803,-951.0,951.0,9966
1804,-951.0,951.0,9966
1805,-951.0,951.0,9966
1806,-951.0,951.0,9966
1807,-953.0,953.0,9966
1808,-953.0,953.0,9966
1809,-953.0,953.0,9966
1810,-953.0,953.0,9966
1811,-953.0,953.0,9966
1812,-953.0,953.0,9966
1813,-953.0,953.0,9966
1814,-953.0,953.0,9966
1815,-953.0,953.0,9966
1816,-953.0,953.0,9966
1817,-953.0,953.0,9966
1818,-953.0,953.0,9966
1819,-953.0,953.0,9966
1820,-953.0,953.0,9966
1821,-953.0,953.0,9966
1822,-953.0,953.0,9966
1823,-953.0,953.0,9966
1824,-953.0,953.0,9966
1825,-953.0,953.0,9966
1826,-953.0,953.0,9966
1827,-953.0,953.0,9966
1828,-953.0,953.0,9966
1829,-953.0,953.0,9966
1830,-953.0,953.0,9966
1831,-953.0,953.0,9966
1832,-953.0,953.0,9966
1833,-953.0,953.0,9966
1834,-953.0,953.0,9966
1835,-953.0,953.0,9966
1836,-953.0,953.0,9966
1837,-953.0,953.0,9966
1838,-953.0,953.0,9966
1839,-953.0,953.0,9966
1840,-953.0,953.0,9966
1841,-953.0,953.0,9966
1842,-953.0,953.0,9966
1843,-953.0,953.0,9966
1844,-953.0,953.0,9966
1845,-953.0,953.0,9966
1846,-953.0,953.0,9966
1847,-953.0,953.0,9966
1848,-953.0,953.0,9966
1849,-953.0,953.0,9966
1850,-953.0,953.0,9966
1851,-953.0,953.0,9966
1852,-953.0,953.0,9966
1853,-953.0,953.0,9966
1854,-953.0,953.0,9966
1855,-953.0,953.0,9966
1856,-953.0,953.0,9966
1857,-953.0,953.0,9966
1858,-953.0,953.0,9966
1859,-953.0,953.0,9966
1860,-953.0,953.0,9966
1861,-953.0,953.0,9966
1862,-953.0,953.0,9966
1863,-953.0,953.0,9966
1864,-953.0,953.0,9966
1865,-953.0,953.0,9966
1866,-953.0,953.0,9966
1867,-953.0,953.0,9966
1868,-953.0,953.0,9966
1869,-953.0,953.0,9966
1870,-953.0,953.0,9966
1871,-953.0,953.0,9966
1872,-953.0,953.0,9966
1873,-953.0,953.0,9966
1874,-953.0,953.0,9966
1875,-953.0,953.0,9966
1876,-953.0,953.0,9966
1877,-953.0,953.0,9966
1878,-953.0,953.0,9966
1879,-953.0,953.0,9966
1880,-953.0,953.0,9966
1881,-953.0,953.0,9966
1882,-953.0,953.0,9966
1883,-953.0,953.0,9966
1884,-953.0,953.0,9966
1885,-953.0,953.0,9966
1886,-953.0,953.0,9966
1887,-953.0,953.0,9966
1888,-953.0,953.0,9966
1889,-953.0,953.0,9966
1890,-953.0,953.0,9966
1891,-953.0,953.0,9966
1892,-953.0,953.0,9966
1893,-953.0,953.0,9966
1894,-953.0,953.0,9966
1895,-953.0,953.0,9966
1896,-953.0,953.0,9966
1897,-953.0,953.0,9966
1898,-953.0,953.0,9966
1899,-953.0,953.0,9966
1900,-953.0,953.0,9966
1901,-953.0,953.0,9966
1902,-953.0,953.0,9966
1903,-953.0,953.0,9966
1904,-953.0,953.0,9966
1905,-955.0,955.0,9972
1906,-955.0,955.0,9972
1907,-955.0,955.0,9972
1908,-955.0,955.0,9972
1909,-955.0,955.0,9972
1910,-955.0,955.0,9972
1911,-955.0,955.0,9972
1912,-955.0,955.0,9972
1913,-955.0,955.0,9972
1914,-955.0,955.0,9972
1915,-955.0,955.0,9972
1916,-955.0,955.0,9972
1917,-955.0,955.0,9972
1918,-955.0,955.0,9972
1919,-955.0,955.0,9972
1920,-955.0,955.0,9972
1921,-955.0,955.0,9972
1922,-955.0,955.0,9972
1923,-955.0,955.0,9972
1924,-955.0,955.0,9972
1925,-955.0,955.0,9972
1926,-955.0,955.0,9972
1927,-955.0,955.0,9972
1928,-955.0,955.0,9972
1929,-955.0,955.0,9972
1930,-955.0,955.0,9972
1931,-955.0,955.0,9972
1932,-955.0,955.0,9972
1933,-955.0,955.0,9972
1934,-955.0,955.0,9972
1935,-955.0,955.0,9972
1936,-955.0,955.0,9972
1937,-955.0,955.0,9972
1938,-955.0,955.0,9972
1939,-955.0,955.0,9972
1940,-955.0,955.0,9972
1941,-955.0,955.0,9972
1942,-955.0,955.0,9972
1943,-955.0,955.0,9972
1944,-955.0,955.0,9972
1945,-957.0,957.0,9972
1946,-957.0,957.0,9972
1947,-957.0,957.0,9972
1948,-957.0,957.0,9972
1949,-957.0,957.0,9972
1950,-957.0,957.0,9972
1951,-957.0,957.0,9972
1952,-957.0,957.0,9972
1953,-957.0,957.0,9972
1954,-957.0,957.0,9972
1955,-957.0,957.0,9972
1956,-957.0,957.0,9972
1957,-957.0,957.0,9972
1958,-957.0,957.0,9972
1959,-957.0,957.0,9972
1960,-957.0,957.0,9972
1961,-957.0,957.0,9972
1962,-957.0,957.0,9972
1963,-957.0,957.0,9972
1964,-957.0,957.0,9972
1965,-957.0,957.0,9972
1966,-957.0,957.0,9972
1967,-957.0,957.0,9972
1968,-957.0,957.0,9972
1969,-957.0,957.0,9972
1970,-957.0,957.0,9972
1971,-957.0,957.0,9972
1972,-957.0,957.0,9972
1973,-957.0,957.0,9972
1974,-957.0,957.0,9972
1975,-957.0,957.0,9972
1976,-957.0,957.0,9972
1977,-957.0,957.0,9972
1978,-957.0,957.0,9972
1979,-957.0,957.0,9972
1980,-957.0,957.0,9972
1981,-957.0,957.0,9972
1982,-957.0,957.0,9972
1983,-957.0,957.0,9972
1984,-957.0,957.0,9972
1985,-957.0,957.0,9972
1986,-957.0,957.0,9972
1987,-957.0,957.0,9972
1988,-957.0,957.0,9972
1989,-957.0,957.0,9972
1990,-957.0,957.0,9972
1991,-957.0,957.0,9972
1992,-957.0,957.0,9972
1993,-957.0,957.0,9972
1994,-957.0,957.0,9972
1995,-957.0,957.0,9972
1996,-957.0,957.0,9972
1997,-957.0,957.0,9972
1998,-957.0,957.0,9972
1999,-957.0,957.0,9972
2000,-957.0,957.0,9972
2001,-957.0,957.0,9972
2002,-957.0,957.0,9972
2003,-957.0,957.0,9972
2004,-957.0,957.0,9972
2005,-957.0,957.0,9972
2006,-957.0,957.0,9972
2007,-957.0,957.0,9972
2008,-957.0,957.0,9972
2009,-957.0,957.0,9972
2010,-957.0,957.0,9972
2011,-957.0,957.0,9972
2012,-957.0,957.0,9972
2013,-957.0,957.0,9972
2014,-957.0,957.0,9972
2015,-957.0,957.0,9972
2016,-957.0,957.0,9972
2017,-957.0,957.0,9972
2018,-957.0,957.0,9972
2019,-957.0,957.0,9972
2020,-957.0,957.0,9972
2021,-957.0,957.0,9972
2022,-957.0,957.0,9972
2023,-957.0,957.0,9972
2024,-957.0,957.0,9972
2025,-957.0,957.0,9972
2026,-957.0,957.0,9972
2027,-957.0,957.0,9972
2028,-957.0,957.0,9972
2029,-957.0,957.0,9972
2030,-957.0,957.0,9972
2031,-957.0,957.0,9972
2032,-957.0,957.0,9972
2033,-957.0,957.0,9972
2034,-957.0,957.0,9972
2035,-957.0,957.0,9972
2036,-957.0,957.0,9972
2037,-957.0,957.0,9972
2038,-957.0,957.0,9972
2039,-957.0,957.0,9972
2040,-957.0,957.0,9972
2041,-957.0,957.0,9972
2042,-957.0,957.0,9972
2043,-957.0,957.0,9972
2044,-957.0,957.0,9972
2045,-957.0,957.0,9972
2046,-957.0,957.0,9972
2047,-957.0,957.0,9972
2048,-957.0,957.0,9972
2049,-957.0,957.0,9972
2050,-957.0,957.0,9972
2051,-957.0,957.0,9972
2052,-957.0,957.0,9972
2053,-957.0,957.0,9972
2054,-957.0,957.0,9972
2055,-957.0,957.0,9972
2056,-957.0,957.0,9972
2057,-957.0,957.0,9972
2058,-957.0,957.0,9972
2059,-957.0,957.0,9972
2060,-957.0,957.0,9972
2061,-957.0,957.0,9972
2062,-957.0,957.0,9972
2063,-957.0,957.0,9972
2064,-957.0,957.0,9972
2065,-957.0,957.0,9972
2066,-957.0,957.0,9972
2067,-957.0,957.0,9972
2068,-957.0,957.0,9972
2069,-957.0,957.0,9972
2070,-957.0,957.0,9972
2071,-957.0,957.0,9972
2072,-957.0,957.0,9972
2073,-957.0,957.0,9972
2074,-957.0,957.0,9972
2075,-957.0,957.0,9972
2076,-957.0,957.0,9972
2077,-957.0,957.0,9972
2078,-957.0,957.0,9972
2079,-957.0,957.0,9972
2080,-957.0,957.0,9972
2081,-957.0,957.0,9972
2082,-957.0,957.0,9972
2083,-957.0,957.0,9972
2084,-957.0,957.0,9972
2085,-957.0,957.0,9972
2086,-957.0,957.0,9972
2087,-957.0,957.0,9972
2088,-957.0,957.0,9972
2089,-957.0,957.0,9972
2090,-957.0,957.0,9972
2091,-957.0,957.0,9972
2092,-957.0,957.0,9972
2093,-957.0,957.0,9972
2094,-957.0,957.0,9972
2095,-975.0,975.0,9972
2096,-975.0,975.0,9972
2097,-975.0,975.0,9972
2098,-975.0,975.0,9972
2099,-975.0,975.0,9972
2100,-975.0,975.0,9972
2101,-975.0,975.0,9972
2102,-975.0,975.0,9972
2103,-975.0,975.0,9972
2104,-975.0,975.0,9972
2105,-975.0,975.0,9972
2106,-975.0,975.0,9972
2107,-975.0,975.0,9972
2108,-975.0,975.0,9972
2109,-975.0,975.0,9972
2110,-975.0,975.0,9972
2111,-975.0,975.0,9972
2112,-975.0,975.0,9972
2113,-975.0,975.0,9972
2114,-975.0,975.0,9972
2115,-975.0,975.0,9972
2116,-975.0,975.0,9972
2117,-975.0,975.0,9972
2118,-975.0,975.0,9972
2119,-975.0,975.0,9972
2120,-975.0,975.0,9972
2121,-975.0,975.0,9972
2122,-975.0,975.0,9972
2123,-975.0,975.0,9972
2124,-975.0,975.0,9972
2125,-975.0,975.0,9972
2126,-975.0,975.0,9972
2127,-975.0,975.0,9972
2128,-975.0,975.0,9972
2129,-975.0,975.0,9972
2130,-975.0,975.0,9972
2131,-975.0,975.0,9972
2132,-975.0,975.0,9972
2133,-975.0,975.0,9972
2134,-975.0,975.0,9972
2135,-975.0,975.0,9972
2136,-975.0,975.0,9972
2137,-975.0,975.0,9972
2138,-975.0,975.0,9972
2139,-975.0,975.0,9972
2140,-975.0,975.0,9972
2141,-975.0,975.0,9972
2142,-975.0,975.0,9972
2143,-975.0,975.0,9972
2144,-975.0,975.0,9972
2145,-975.0,975.0,9972
2146,-975.0,975.0,9972
2147,-975.0,975.0,9972
2148,-975.0,975.0,9972
2149,-975.0,975.0,9972
2150,-975.0,975.0,9972
2151,-975.0,975.0,9972
2152,-975.0,975.0,9972
2153,-975.0,975.0,9972
2154,-975.0,975.0,9972
2155,-975.0,975.0,9972
2156,-975.0,975.0,9972
2157,-975.0,975.0,9972
2158,-975.0,975.0,9972
2159,-975.0,975.0,9972
2160,-975.0,975.0,9972
2161,-975.0,975.0,9972
2162,-975.0,975.0,9972
2163,-975.0,975.0,9972
2164,-975.0,975.0,9972
2165,-975.0,975.0,9972
2166,-975.0,975.0,9972
2167,-975.0,975.0,9972
2168,-975.0,975.0,9972
2169,-975.0,975.0,9972
2170,-975.0,975.0,9972
2171,-975.0,975.0,9972
2172,-975.0,975.0,9972
2173,-975.0,975.0,9972
2174,-975.0,975.0,9972
2175,-975.0,975.0,9972
2176,-975.0,975.0,9972
2177,-975.0,975.0,9972
2178,-975.0,975.0,9972
2179,-975.0,975.0,9972
2180,-975.0,975.0,9972
2181,-975.0,975.0,9972
2182,-975.0,975.0,9972
2183,-975.0,975.0,9972
2184,-976.0,976.0,9930
2185,-976.0,976.0,9930
2186,-976.0,976.0,9930
2187,-976.0,976.0,9930
2188,-976.0,976.0,9930
2189,-976.0,976.0,9930
2190,-976.0,976.0,9930
2191,-976.0,976.0,9930
2192,-976.0,976.0,9930
2193,-976.0,976.0,9930
2194,-976.0,976.0,9930
2195,-976.0,976.0,9930
2196,-976.0,976.0,9930
2197,-976.0,976.0,9930
2198,-976.0,976.0,9930
2199,-976.0,976.0,9930
2200,-976.0,976.0,9930
2201,-976.0,976.0,9930
2202,-976.0,976.0,9930
2203,-976.0,976.0,9930
2204,-976.0,976.0,9930
2205,-976.0,976.0,9930
2206,-976.0,976.0,9930
2207,-976.0,976.0,9930
2208,-976.0,976.0,9930
2209,-976.0,976.0,9930
2210,-976.0,976.0,9930
2211,-976.0,976.0,9930
2212,-976.0,976.0,9930
2213,-976.0,976.0,9930
2214,-976.0,976.0,9930
2215,-976.0,976.0,9930
2216,-976.0,976.0,9930
2217,-976.0,976.0,9930
2218,-976.0,976.0,9930
2219,-976.0,976.0,9930
2220,-976.0,976.0,9930
2221,-976.0,976.0,9930
2222,-976.0,976.0,9930
2223,-976.0,976.0,9930
2224,-976.0,976.0,9930
2225,-976.0,976.0,9930
2226,-976.0,976.0,9930
2227,-976.0,976.0,9930
2228,-976.0,976.0,9930
2229,-976.0,976.0,9930
2230,-976.0,976.0,9930
2231,-976.0,976.0,9930
2232,-976.0,976.0,9930
2233,-976.0,976.0,9930
2234,-976.0,976.0,9930
2235,-976.0,976.0,9930
2236,-976.0,976.0,9930
2237,-976.0,976.0,9930
2238,-976.0,976.0,9930
2239,-976.0,976.0,9930
2240,-976.0,976.0,9930
2241,-976.0,976.0,9930
2242,-976.0,976.0,9930
2243,-976.0,976.0,9930
2244,-976.0,976.0,9930
2245,-976.0,976.0,9930
2246,-976.0,976.0,9930
2247,-976.0,976.0,9930
2248,-976.0,976.0,9930
2249,-976.0,976.0,9930
2250,-976.0,976.0,9930
2251,-976.0,976.0,9930
2252,-976.0,976.0,9930
2253,-976.0,976.0,9930
2254,-976.0,976.0,9930
2255,-976.0,976.0,9930
2256,-976.0,976.0,9930
2257,-976.0,976.0,9930
2258,-976.0,976.0,9930
2259,-976.0,976.0,9930
2260,-976.0,976.0,9930
2261,-976.0,976.0,9930
2262,-976.0,976.0,9930
2263,-976.0,976.0,9930
2264,-976.0,976.0,9930
2265,-976.0,976.0,9930
2266,-976.0,976.0,9930
2267,-976.0,976.0,9930
2268,-976.0,976.0,9930
2269,-976.0,976.0,9930
2270,-976.0,976.0,9930
2271,-976.0,976.0,9930
2272,-976.0,976.0,9930
2273,-976.0,976.0,9930
2274,-976.0,976.0,9930
2275,-976.0,976.0,9930
2276,-976.0,976.0,9930
2277,-976.0,976.0,9930
2278,-976.0,976.0,9930
2279,-976.0,976.0,9930
2280,-976.0,976.0,9930
2281,-976.0,976.0,9930
2282,-976.0,976.0,9930
2283,-976.0,976.0,9930
2284,-976.0,976.0,9930
2285,-976.0,976.0,9930
2286,-976.0,976.0,9930
2287,-976.0,976.0,9930
2288,-976.0,976.0,9930
2289,-976.0,976.0,9930
2290,-976.0,976.0,9930
2291,-976.0,976.0,9930
2292,-976.0,976.0,9930
2293,-976.0,976.0,9930
2294,-976.0,976.0,9930
2295,-976.0,976.0,9930
2296,-976.0,976.0,9930
2297,-976.0,976.0,9930
2298,-976.0,976.0,9930
2299,-976.0,976.0,9930
2300,-976.0,976.0,9930
2301,-976.0,976.0,9930
2302,-976.0,976.0,9930
2303,-976.0,976.0,9930
2304,-976.0,976.0,9930
2305,-976.0,976.0,9930
2306,-976.0,976.0,9930
2307,-976.0,976.0,9930
2308,-976.0,976.0,9930
2309,-976.0,976.0,9930
2310,-976.0,976.0,9930
2311,-976.0,976.0,9930
2312,-976.0,976.0,9930
2313,-976.0,976.0,9930
2314,-976.0,976.0,9930
2315,-976.0,976.0,9930
2316,-976.0,976.0,9930
2317,-976.0,976.0,9930
2318,-976.0,976.0,9930
2319,-976.0,976.0,9930
2320,-976.0,976.0,9930
2321,-976.0,976.0,9930
2322,-976.0,976.0,9930
2323,-976.0,976.0,9930
2324,-976.0,976.0,9930
2325,-976.0,976.0,9930
2326,-976.0,976.0,9930
2327,-976.0,976.0,9930
2328,-976.0,976.0,9930
2329,-976.0,976.0,9930
2330,-976.0,976.0,9930
2331,-976.0,976.0,9930
2332,-976.0,976.0,9930
2333,-976.0,976.0,9930
2334,-976.0,976.0,9930
2335,-976.0,976.0,9930
2336,-977.0,977.0,9930
2337,-977.0,977.0,9930
2338,-977.0,977.0,9930
2339,-977.0,977.0,9930
2340,-977.0,977.0,9930
2341,-977.0,977.0,9930
2342,-977.0,977.0,9930
2343,-977.0,977.0,9930
2344,-977.0,977.0,9930
2345,-977.0,977.0,9930
2346,-977.0,977.0,9930
2347,-977.0,977.0,9930
2348,-980.0,980.0,9965
2349,-980.0,980.0,9965
2350,-980.0,980.0,9965
2351,-980.0,980.0,9965
2352,-980.0,980.0,9965
2353,-980.0,980.0,9965
2354,-980.0,980.0,9965
2355,-980.0,980.0,9965
2356,-980.0,980.0,9965
2357,-980.0,980.0,9965
2358,-980.0,980.0,9965
2359,-980.0,980.0,9965
2360,-980.0,980.0,9965
2361,-980.0,980.0,9965
2362,-980.0,980.0,9965
2363,-980.0,980.0,9965
2364,-980.0,980.0,9965
2365,-980.0,980.0,9965
2366,-980.0,980.0,9965
2367,-980.0,980.0,9965
2368,-980.0,980.0,9965
2369,-980.0,980.0,9965
2370,-980.0,980.0,9965
2371,-980.0,980.0,9965
2372,-980.0,980.0,9965
2373,-980.0,980.0,9965
2374,-980.0,980.0,9965
2375,-980.0,980.0,9965
2376,-980.0,980.0,9965
2377,-980.0,980.0,9965
2378,-980.0,980.0,9965
2379,-980.0,980.0,9965
2380,-980.0,980.0,9965
2381,-980.0,980.0,9965
2382,-980.0,980.0,9965
2383,-980.0,980.0,9965
2384,-980.0,980.0,9965
2385,-980.0,980.0,9965
2386,-980.0,980.0,9965
2387,-980.0,980.0,9965
2388,-980.0,980.0,9965
2389,-980.0,980.0,9965
2390,-980.0,980.0,9965
2391,-980.0,980.0,9965
2392,-980.0,980.0,9965
2393,-980.0,980.0,9965
2394,-980.0,980.0,9965
2395,-980.0,980.0,9965
2396,-980.0,980.0,9965
2397,-980.0,980.0,9965
2398,-980.0,980.0,9965
2399,-980.0,980.0,9965
2400,-980.0,980.0,9965
2401,-980.0,980.0,9965
2402,-980.0,980.0,9965
2403,-980.0,980.0,9965
2404,-980.0,980.0,9965
2405,-980.0,980.0,9965
2406,-980.0,980.0,9965
2407,-980.0,980.0,9965
2408,-980.0,980.0,9965
2409,-980.0,980.0,9965
2410,-980.0,980.0,9965
2411,-980.0,980.0,9965
2412,-980.0,980.0,9965
2413,-980.0,980.0,9965
2414,-980.0,980.0,9965
2415,-980.0,980.0,9965
2416,-980.0,980.0,9965
2417,-980.0,980.0,9965
2418,-980.0,980.0,9965
2419,-980.0,980.0,9965
2420,-980.0,980.0,9965
2421,-980.0,980.0,9965
2422,-980.0,980.0,9965
2423,-980.0,980.0,9965
2424,-980.0,980.0,9965
2425,-980.0,980.0,9965
2426,-980.0,980.0,9965
2427,-980.0,980.0,9965
2428,-980.0,980.0,9965
2429,-980.0,980.0,9965
2430,-980.0,980.0,9965
2431,-980.0,980.0,9965
2432,-980.0,980.0,9965
2433,-980.0,980.0,9965
2434,-980.0,980.0,9965
2435,-980.0,980.0,9965
2436,-980.0,980.0,9965
2437,-980.0,980.0,9965
2438,-980.0,980.0,9965
2439,-980.0,980.0,9965
2440,-980.0,980.0,9965
2441,-980.0,980.0,9965
2442,-980.0,980.0,9965
2443,-980.0,980.0,9965
2444,-980.0,980.0,9965
2445,-980.0,980.0,9965
2446,-980.0,980.0,9965
2447,-980.0,980.0,9965
2448,-980.0,980.0,9965
2449,-980.0,980.0,9965
2450,-980.0,980.0,9965
2451,-980.0,980.0,9965
2452,-980.0,980.0,9965
2453,-980.0,980.0,9965
2454,-980.0,980.0,9965
2455,-980.0,980.0,9965
2456,-980.0,980.0,9965
2457,-980.0,980.0,9965
2458,-980.0,980.0,9965
2459,-980.0,980.0,9965
2460,-980.0,980.0,9965
2461,-980.0,980.0,9965
2462,-980.0,980.0,9965
2463,-980.0,980.0,9965
2464,-980.0,980.0,9965
2465,-980.0,980.0,9965
2466,-980.0,980.0,9965
2467,-980.0,980.0,9965
2468,-980.0,980.0,9965
2469,-980.0,980.0,9965
2470,-980.0,980.0,9965
2471,-980.0,980.0,9965
2472,-980.0,980.0,9965
2473,-980.0,980.0,9965
2474,-980.0,980.0,9965
2475,-980.0,980.0,9965
2476,-980.0,980.0,9965
2477,-980.0,980.0,9965
2478,-980.0,980.0,9965
2479,-980.0,980.0,9965
2480,-980.0,980.0,9965
2481,-980.0,980.0,9965
2482,-980.0,980.0,9965
2483,-980.0,980.0,9965
2484,-980.0,980.0,9965
2485,-980.0,980.0,9965
2486,-980.0,980.0,9965
2487,-980.0,980.0,9965
2488,-980.0,980.0,9965
2489,-980.0,980.0,9965
2490,-980.0,980.0,9965
2491,-980.0,980.0,9965
2492,-980.0,980.0,9965
2493,-980.0,980.0,9965
2494,-980.0,980.0,9965
2495,-980.0,980.0,9965
2496,-980.0,980.0,9965
2497,-980.0,980.0,9965
2498,-980.0,980.0,9965
2499,-980.0,980.0,9965
2500,-980.0,980.0,9965
2501,-980.0,980.0,9965
2502,-980.0,980.0,9965
2503,-980.0,980.0,9965
2504,-980.0,980.0,9965
2505,-980.0,980.0,9965
2506,-980.0,980.0,9965
2507,-980.0,980.0,9965
2508,-980.0,980.0,9965
2509,-980.0,980.0,9965
2510,-980.0,980.0,9965
2511,-980.0,980.0,9965
2512,-980.0,980.0,9965
2513,-980.0,980.0,9965
2514,-980.0,980.0,9965
2515,-980.0,980.0,9965
2516,-980.0,980.0,9965
2517,-980.0,980.0,9965
2518,-980.0,980.0,9965
2519,-980.0,980.0,9965
2520,-980.0,980.0,9965
2521,-980.0,980.0,9965
2522,-980.0,980.0,9965
2523,-980.0,980.0,9965
2524,-980.0,980.0,9965
2525,-980.0,980.0,9965
2526,-980.0,980.0,9965
2527,-980.0,980.0,9965
2528,-980.0,980.0,9965
2529,-980.0,980.0,9965
2530,-980.0,980.0,9965
2531,-980.0,980.0,9965
2532,-980.0,980.0,9965
2533,-980.0,980.0,9965
2534,-980.0,980.0,9965
2535,-980.0,980.0,9965
2536,-980.0,980.0,9965
2537,-980.0,980.0,9965
2538,-980.0,980.0,9965
2539,-980.0,980.0,9965
2540,-980.0,980.0,9965
2541,-980.0,980.0,9965
2542,-980.0,980.0,9965
2543,-980.0,980.0,9965
2544,-980.0,980.0,9965
2545,-980.0,980.0,9965
2546,-980.0,980.0,9965
2547,-980.0,980.0,9965
2548,-980.0,980.0,9965
2549,-980.0,980.0,9965
2550,-980.0,980.0,9965
2551,-980.0,980.0,9965
2552,-980.0,980.0,9965
2553,-980.0,980.0,9965
2554,-980.0,980.0,9965
2555,-980.0,980.0,9965
2556,-980.0,980.0,9965
2557,-980.0,980.0,9965
2558,-980.0,980.0,9965
2559,-980.0,980.0,9965
2560,-980.0,980.0,9965
2561,-980.0,980.0,9965
2562,-980.0,980.0,9965
2563,-980.0,980.0,9965
2564,-980.0,980.0,9965
2565,-980.0,980.0,9965
2566,-980.0,980.0,9965
2567,-980.0,980.0,9965
2568,-980.0,980.0,9965
2569,-980.0,980.0,9965
2570,-980.0,980.0,9965
2571,-980.0,980.0,9965
2572,-980.0,980.0,9965
2573,-980.0,980.0,9965
2574,-980.0,980.0,9965
2575,-980.0,980.0,9965
2576,-980.0,980.0,9965
2577,-980.0,980.0,9965
2578,-980.0,980.0,9965
2579,-980.0,980.0,9965
2580,-980.0,980.0,9965
2581,-980.0,980.0,9965
2582,-980.0,980.0,9965
2583,-980.0,980.0,9965
2584,-980.0,980.0,9965
2585,-980.0,980.0,9965
2586,-980.0,980.0,9965
2587,-980.0,980.0,9965
2588,-980.0,980.0,9965
2589,-980.0,980.0,9965
2590,-980.0,980.0,9965
2591,-980.0,980.0,9965
2592,-980.0,980.0,9965
2593,-980.0,980.0,9965
2594,-980.0,980.0,9965
2595,-980.0,980.0,9965
2596,-980.0,980.0,9965
2597,-980.0,980.0,9965
2598,-980.0,980.0,9965
2599,-980.0,980.0,9965
2600,-980.0,980.0,9965
2601,-980.0,980.0,9965
2602,-980.0,980.0,9965
2603,-980.0,980.0,9965
2604,-980.0,980.0,9965
2605,-980.0,980.0,9965
2606,-980.0,980.0,9965
2607,-980.0,980.0,9965
2608,-980.0,980.0,9965
2609,-980.0,980.0,9965
2610,-980.0,980.0,9965
2611,-980.0,980.0,9965
2612,-980.0,980.0,9965
2613,-980.0,980.0,9965
2614,-980.0,980.0,9965
2615,-980.0,980.0,9965
2616,-980.0,980.0,9965
2617,-980.0,980.0,9965
2618,-980.0,980.0,9965
2619,-980.0,980.0,9965
2620,-980.0,980.0,9965
2621,-980.0,980.0,9965
2622,-980.0,980.0,9965
2623,-980.0,980.0,9965
2624,-980.0,980.0,9965
2625,-980.0,980.0,9965
2626,-980.0,980.0,9965
2627,-980.0,980.0,9965
2628,-980.0,980.0,9965
2629,-980.0,980.0,9965
2630,-980.0,980.0,9965
2631,-980.0,980.0,9965
2632,-980.0,980.0,9965
2633,-980.0,980.0,9965
2634,-980.0,980.0,9965
2635,-980.0,980.0,9965
2636,-980.0,980.0,9965
2637,-980.0,980.0,9965
2638,-980.0,980.0,9965
2639,-980.0,980.0,9965
2640,-980.0,980.0,9965
2641,-980.0,980.0,9965
2642,-980.0,980.0,9965
2643,-980.0,980.0,9965
2644,-980.0,980.0,9965
2645,-980.0,980.0,9965
2646,-980.0,980.0,9965
2647,-980.0,980.0,9965
2648,-980.0,980.0,9965
2649,-980.0,980.0,9965
2650,-980.0,980.0,9965
2651,-980.0,980.0,9965
2652,-980.0,980.0,9965
2653,-980.0,980.0,9965
2654,-980.0,980.0,9965
2655,-980.0,980.0,9965
2656,-980.0,980.0,9965
2657,-980.0,980.0,9965
2658,-980.0,980.0,9965
2659,-980.0,980.0,9965
2660,-980.0,980.0,9965
2661,-980.0,980.0,9965
2662,-980.0,980.0,9965
2663,-980.0,980.0,9965
2664,-980.0,980.0,9965
2665,-980.0,980.0,9965
2666,-980.0,980.0,9965
2667,-980.0,980.0,9965
2668,-980.0,980.0,9965
2669,-980.0,980.0,9965
2670,-980.0,980.0,9965
2671,-980.0,980.0,9965
2672,-980.0,980.0,9965
2673,-980.0,980.0,9965
2674,-980.0,980.0,9965
2675,-980.0,980.0,9965
2676,-980.0,980.0,9965
2677,-980.0,980.0,9965
2678,-980.0,980.0,9965
2679,-980.0,980.0,9965
2680,-980.0,980.0,9965
2681,-980.0,980.0,9965
2682,-980.0,980.0,9965
2683,-980.0,980.0,9965
2684,-980.0,980.0,9965
2685,-980.0,980.0,9965
2686,-980.0,980.0,9965
2687,-980.0,980.0,9965
2688,-980.0,980.0,9965
2689,-980.0,980.0,9965
2690,-980.0,980.0,9965
2691,-980.0,980.0,9965
2692,-980.0,980.0,9965
2693,-980.0,980.0,9965
2694,-980.0,980.0,9965
2695,-980.0,980.0,9965
2696,-980.0,980.0,9965
2697,-980.0,980.0,9965
2698,-980.0,980.0,9965
2699,-980.0,980.0,9965
2700,-981.0,981.0,9965
2701,-981.0,981.0,9965
2702,-981.0,981.0,9965
2703,-981.0,981.0,9965
2704,-982.0,982.0,9965
2705,-982.0,982.0,9965
2706,-982.0,982.0,9965
2707,-982.0,982.0,9965
2708,-982.0,982.0,9965
2709,-982.0,982.0,9965
2710,-982.0,982.0,9965
2711,-982.0,982.0,9965
2712,-982.0,982.0,9965
2713,-982.0,982.0,9965
2714,-982.0,982.0,9965
2715,-982.0,982.0,9965
2716,-982.0,982.0,9965
2717,-982.0,982.0,9965
2718,-982.0,982.0,9965
2719,-982.0,982.0,9965
2720,-982.0,982.0,9965
2721,-982.0,982.0,9965
2722,-986.0,986.0,9965
2723,-986.0,986.0,9965
2724,-986.0,986.0,9965
2725,-986.0,986.0,9965
2726,-986.0,986.0,9965
2727,-986.0,986.0,9965
2728,-986.0,986.0,9965
2729,-986.0,986.0,9965
2730,-986.0,986.0,9965
2731,-986.0,986.0,9965
2732,-986.0,986.0,9965
2733,-986.0,986.0,9965
2734,-986.0,986.0,9965
2735,-986.0,986.0,9965
2736,-986.0,986.0,9965
2737,-986.0,986.0,9965
2738,-986.0,986.0,9965
2739,-986.0,986.0,9965
2740,-986.0,986.0,9965
2741,-986.0,986.0,9965
2742,-986.0,986.0,9965
2743,-986.0,986.0,9965
2744,-986.0,986.0,9965
2745,-986.0,986.0,9965
2746,-986.0,986.0,9965
2747,-986.0,986.0,9965
2748,-986.0,986.0,9965
2749,-986.0,986.0,9965
2750,-986.0,986.0,9965
2751,-986.0,986.0,9965
2752,-986.0,986.0,9965
2753,-986.0,986.0,9965
2754,-986.0,986.0,9965
2755,-986.0,986.0,9965
2756,-986.0,986.0,9965
2757,-986.0,986.0,9965
2758,-986.0,986.0,9965
2759,-986.0,986.0,9965
2760,-986.0,986.0,9965
2761,-986.0,986.0,9965
2762,-986.0,986.0,9965
2763,-986.0,986.0,9965
2764,-986.0,986.0,9965
2765,-986.0,986.0,9965
2766,-986.0,986.0,9965
2767,-986.0,986.0,9965
2768,-986.0,986.0,9965
2769,-986.0,986.0,9965
2770,-986.0,986.0,9965
2771,-986.0,986.0,9965
2772,-986.0,986.0,9965
2773,-986.0,986.0,9965
2774,-986.0,986.0,9965
2775,-986.0,986.0,9965
2776,-986.0,986.0,9965
2777,-986.0,986.0,9965
2778,-986.0,986.0,9965
2779,-986.0,986.0,9965
2780,-986.0,986.0,9965
2781,-986.0,986.0,9965
2782,-986.0,986.0,9965
2783,-986.0,986.0,9965
2784,-986.0,986.0,9965
2785,-986.0,986.0,9965
2786,-986.0,986.0,9965
2787,-986.0,986.0,9965
2788,-986.0,986.0,9965
2789,-986.0,986.0,9965
2790,-986.0,986.0,9965
2791,-986.0,986.0,9965
2792,-986.0,986.0,9965
2793,-986.0,986.0,9965
2794,-986.0,986.0,9965
2795,-986.0,986.0,9965
2796,-986.0,986.0,9965
2797,-986.0,986.0,9965
2798,-986.0,986.0,9965
2799,-986.0,986.0,9965
2800,-986.0,986.0,9965
2801,-986.0,986.0,9965
2802,-986.0,986.0,9965
2803,-986.0,986.0,9965
2804,-986.0,986.0,9965
2805,-986.0,986.0,9965
2806,-986.0,986.0,9965
2807,-986.0,986.0,9965
2808,-986.0,986.0,9965
2809,-986.0,986.0,9965
2810,-986.0,986.0,9965
2811,-986.0,986.0,9965
2812,-986.0,986.0,9965
2813,-986.0,986.0,9965
2814,-986.0,986.0,9965
2815,-986.0,986.0,9965
2816,-986.0,986.0,9965
2817,-986.0,986.0,9965
2818,-986.0,986.0,9965
2819,-986.0,986.0,9965
2820,-986.0,986.0,9965
2821,-986.0,986.0,9965
2822,-986.0,986.0,9965
2823,-986.0,986.0,9965
2824,-986.0,986.0,9965
2825,-986.0,986.0,9965
2826,-986.0,986.0,9965
2827,-986.0,986.0,9965
2828,-986.0,986.0,9965
2829,-986.0,986.0,9965
2830,-986.0,986.0,9965
2831,-986.0,986.0,9965
2832,-986.0,986.0,9965
2833,-986.0,986.0,9965
2834,-986.0,986.0,9965
2835,-986.0,986.0,9965
2836,-986.0,986.0,9965
2837,-986.0,986.0,9965
2838,-986.0,986.0,9965
2839,-986.0,986.0,9965
2840,-986.0,986.0,9965
2841,-986.0,986.0,9965
2842,-986.0,986.0,9965
2843,-986.0,986.0,9965
2844,-986.0,986.0,9965
2845,-986.0,986.0,9965
2846,-986.0,986.0,9965
2847,-986.0,986.0,9965
2848,-986.0,986.0,9965
2849,-986.0,986.0,9965
2850,-986.0,986.0,9965
2851,-986.0,986.0,9965
2852,-986.0,986.0,9965
2853,-986.0,986.0,9965
2854,-986.0,986.0,9965
2855,-986.0,986.0,9965
2856,-986.0,986.0,9965
2857,-986.0,986.0,9965
2858,-986.0,986.0,9965
2859,-986.0,986.0,9965
2860,-986.0,986.0,9965
2861,-986.0,986.0,9965
2862,-986.0,986.0,9965
2863,-986.0,986.0,9965
2864,-986.0,986.0,9965
2865,-986.0,986.0,9965
2866,-986.0,986.0,9965
2867,-986.0,986.0,9965
2868,-986.0,986.0,9965
2869,-986.0,986.0,9965
2870,-986.0,986.0,9965
2871,-986.0,986.0,9965
2872,-986.0,986.0,9965
2873,-986.0,986.0,9965
2874,-986.0,986.0,9965
2875,-986.0,986.0,9965
2876,-986.0,986.0,9965
2877,-986.0,986.0,9965
2878,-986.0,986.0,9965
2879,-986.0,986.0,9965
2880,-986.0,986.0,9965
2881,-986.0,986.0,9965
2882,-986.0,986.0,9965
2883,-986.0,986.0,9965
2884,-986.0,986.0,9965
2885,-986.0,986.0,9965
2886,-986.0,986.0,9965
2887,-986.0,986.0,9965
2888,-986.0,986.0,9965
2889,-986.0,986.0,9965
2890,-986.0,986.0,9965
2891,-986.0,986.0,9965
2892,-986.0,986.0,9965
2893,-986.0,986.0,9965
2894,-986.0,986.0,9965
2895,-986.0,986.0,9965
2896,-986.0,986.0,9965
2897,-986.0,986.0,9965
2898,-986.0,986.0,9965
2899,-986.0,986.0,9965
2900,-986.0,986.0,9965
2901,-989.0,989.0,9965
2902,-989.0,989.0,9965
2903,-989.0,989.0,9965
2904,-989.0,989.0,9965
2905,-989.0,989.0,9965
2906,-989.0,989.0,9965
2907,-989.0,989.0,9965
2908,-989.0,989.0,9965
2909,-989.0,989.0,9965
2910,-989.0,989.0,9965
2911,-989.0,989.0,9965
2912,-989.0,989.0,9965
2913,-989.0,989.0,9965
2914,-989.0,989.0,9965
2915,-989.0,989.0,9965
2916,-989.0,989.0,9965
2917,-989.0,989.0,9965
2918,-989.0,989.0,9965
2919,-989.0,989.0,9965
2920,-989.0,989.0,9965
2921,-989.0,989.0,9965
2922,-989.0,989.0,9965
2923,-989.0,989.0,9965
2924,-989.0,989.0,9965
2925,-989.0,989.0,9965
2926,-989.0,989.0,9965
2927,-989.0,989.0,9965
2928,-989.0,989.0,9965
2929,-989.0,989.0,9965
2930,-989.0,989.0,9965
2931,-989.0,989.0,9965
2932,-989.0,989.0,9965
2933,-989.0,989.0,9965
2934,-989.0,989.0,9965
2935,-989.0,989.0,9965
2936,-989.0,989.0,9965
2937,-989.0,989.0,9965
2938,-989.0,989.0,9965
2939,-989.0,989.0,9965
2940,-989.0,989.0,9965
2941,-989.0,989.0,9965
2942,-989.0,989.0,9965
2943,-989.0,989.0,9965
2944,-989.0,989.0,9965
2945,-989.0,989.0,9965
2946,-989.0,989.0,9965
2947,-989.0,989.0,9965
2948,-989.0,989.0,9965
2949,-989.0,989.0,9965
2950,-989.0,989.0,9965
2951,-989.0,989.0,9965
2952,-989.0,989.0,9965
2953,-989.0,989.0,9965
2954,-989.0,989.0,9965
2955,-989.0,989.0,9965
2956,-989.0,989.0,9965
2957,-989.0,989.0,9965
2958,-989.0,989.0,9965
2959,-989.0,989.0,9965
2960,-989.0,989.0,9965
2961,-989.0,989.0,9965
2962,-989.0,989.0,9965
2963,-989.0,989.0,9965
2964,-989.0,989.0,9965
2965,-989.0,989.0,9965
2966,-989.0,989.0,9965
2967,-989.0,989.0,9965
2968,-989.0,989.0,9965
2969,-989.0,989.0,9965
2970,-989.0,989.0,9965
2971,-989.0,989.0,9965
2972,-989.0,989.0,9965
2973,-989.0,989.0,9965
2974,-989.0,989.0,9965
2975,-989.0,989.0,9965
2976,-989.0,989.0,9965
2977,-989.0,989.0,9965
2978,-989.0,989.0,9965
2979,-989.0,989.0,9965
2980,-989.0,989.0,9965
2981,-989.0,989.0,9965
2982,-989.0,989.0,9965
2983,-989.0,989.0,9965
2984,-989.0,989.0,9965
2985,-989.0,989.0,9965
2986,-989.0,989.0,9965
2987,-989.0,989.0,9965
2988,-989.0,989.0,9965
2989,-989.0,989.0,9965
2990,-989.0,989.0,9965
2991,-989.0,989.0,9965
2992,-989.0,989.0,9965
2993,-989.0,989.0,9965
2994,-989.0,989.0,9965
2995,-989.0,989.0,9965
2996,-989.0,989.0,9965
2997,-989.0,989.0,9965
2998,-989.0,989.0,9965
2999,-989.0,989.0,9965
3000,-989.0,989.0,9965
