lucro_total,staff_total,baltimore_pr_Sun,baltimore_hr_x_Sun,baltimore_hr_j_Sun,baltimore_pr_Mon,baltimore_hr_x_Mon,baltimore_hr_j_Mon,baltimore_pr_Tue,baltimore_hr_x_Tue,baltimore_hr_j_Tue,baltimore_pr_Wed,baltimore_hr_x_Wed,baltimore_hr_j_Wed,baltimore_pr_Thu,baltimore_hr_x_Thu,baltimore_hr_j_Thu,baltimore_pr_Fri,baltimore_hr_x_Fri,baltimore_hr_j_Fri,baltimore_pr_Sat,baltimore_hr_x_Sat,baltimore_hr_j_Sat,lancaster_pr_Sun,lancaster_hr_x_Sun,lancaster_hr_j_Sun,lancaster_pr_Mon,lancaster_hr_x_Mon,lancaster_hr_j_Mon,lancaster_pr_Tue,lancaster_hr_x_Tue,lancaster_hr_j_Tue,lancaster_pr_Wed,lancaster_hr_x_Wed,lancaster_hr_j_Wed,lancaster_pr_Thu,lancaster_hr_x_Thu,lancaster_hr_j_Thu,lancaster_pr_Fri,lancaster_hr_x_Fri,lancaster_hr_j_Fri,lancaster_pr_Sat,lancaster_hr_x_Sat,lancaster_hr_j_Sat,philadelphia_pr_Sun,philadelphia_hr_x_Sun,philadelphia_hr_j_Sun,philadelphia_pr_Mon,philadelphia_hr_x_Mon,philadelphia_hr_j_Mon,philadelphia_pr_Tue,philadelphia_hr_x_Tue,philadelphia_hr_j_Tue,philadelphia_pr_Wed,philadelphia_hr_x_Wed,philadelphia_hr_j_Wed,philadelphia_pr_Thu,philadelphia_hr_x_Thu,philadelphia_hr_j_Thu,philadelphia_pr_Fri,philadelphia_hr_x_Fri,philadelphia_hr_j_Fri,philadelphia_pr_Sat,philadelphia_hr_x_Sat,philadelphia_hr_j_Sat,richmond_pr_Sun,richmond_hr_x_Sun,richmond_hr_j_Sun,richmond_pr_Mon,richmond_hr_x_Mon,richmond_hr_j_Mon,richmond_pr_Tue,richmond_hr_x_Tue,richmond_hr_j_Tue,richmond_pr_Wed,richmond_hr_x_Wed,richmond_hr_j_Wed,richmond_pr_Thu,richmond_hr_x_Thu,richmond_hr_j_Thu,richmond_pr_Fri,richmond_hr_x_Fri,richmond_hr_j_Fri,richmond_pr_Sat,richmond_hr_x_Sat,richmond_hr_j_Sat
955.0,85,0.1182,0,0,0.0079,3,0,0.0082,3,1,0.0084,3,2,0.0105,3,0,0.0072,3,1,0.0052,0,0,0.0144,0,0,0.0165,2,1,0.0241,3,1,0.015,2,0,0.0242,2,1,0.0167,3,0,0.0493,1,0,0.0575,0,0,0.0722,2,2,0.0055,3,0,0.1449,4,1,0.0059,1,2,0.0222,2,2,0.0318,0,0,0.008,3,2,0.0387,2,1,0.0356,3,2,0.0383,3,2,0.0006,4,2,0.0044,3,1,0.0352,2,1
931.0,81,0.0839,0,0,0.008,3,0,0.0062,3,0,0.0035,3,0,0.0105,4,0,0.0023,3,0,0.0108,0,0,0.0734,0,0,0.0175,3,0,0.024,4,1,0.0157,2,0,0.0246,2,0,0.0167,3,0,0.0452,1,0,0.0577,0,0,0.0746,2,1,0.0056,3,1,0.145,4,0,0.0086,2,1,0.0219,2,0,0.0303,0,0,0.0086,3,1,0.0386,4,1,0.0356,4,2,0.0383,3,2,0.0001,4,2,0.0018,4,1,0.0347,2,0
899.0,80,0.0839,0,0,0.008,3,0,0.0062,3,0,0.0035,3,0,0.0105,4,0,0.0032,3,0,0.0108,0,0,0.0737,0,0,0.0166,3,0,0.0242,4,0,0.0151,2,0,0.0245,2,0,0.0167,3,0,0.0454,1,0,0.0577,0,0,0.0746,2,1,0.0056,3,1,0.145,4,0,0.0074,2,1,0.0271,2,0,0.1548,0,0,0.0085,3,1,0.0386,4,1,0.0356,4,2,0.0383,3,2,0.0001,4,2,0.0018,4,1,0.0347,2,0
851.0,79,0.0839,0,0,0.008,3,0,0.0062,3,0,0.0035,3,0,0.0105,4,0,0.0023,3,0,0.0109,0,0,0.0737,0,0,0.0277,3,0,0.0242,4,0,0.0157,2,0,0.0242,2,0,0.0167,3,0,0.0454,1,0,0.0577,0,0,0.0746,2,1,0.0056,3,0,0.145,4,0,0.0074,2,1,0.0271,2,0,0.1548,0,0,0.0085,3,1,0.0384,4,1,0.0356,4,2,0.0383,3,2,0.0001,4,2,0.0019,4,1,0.0347,2,0
822.0,78,0.0839,0,0,0.008,3,0,0.0062,3,0,0.0035,3,0,0.0087,4,0,0.0023,3,0,0.0108,0,0,0.0732,0,0,0.0167,3,0,0.0242,4,0,0.0149,2,0,0.0245,2,0,0.0167,3,0,0.0468,0,0,0.0577,0,0,0.0746,2,2,0.0056,3,1,0.145,4,0,0.0075,2,1,0.0271,2,0,0.1548,0,0,0.0086,3,1,0.0386,4,1,0.0356,4,2,0.0382,3,2,0.0003,4,2,0.0018,4,1,0.0354,0,0
782.0,77,0.0839,0,0,0.008,3,0,0.0062,3,0,0.0035,3,0,0.0105,4,0,0.0032,3,0,0.0108,0,0,0.0737,0,0,0.0166,3,0,0.0242,4,0,0.0157,2,0,0.0245,2,0,0.0167,3,0,0.0454,1,0,0.0577,0,0,0.0746,2,1,0.0056,3,1,0.145,4,0,0.0074,2,1,0.0271,2,0,0.1548,0,0,0.0085,0,1,0.0386,4,1,0.0356,4,2,0.0383,3,2,0.0001,4,2,0.0018,4,1,0.0347,2,0
741.0,76,0.0839,0,0,0.008,3,0,0.0062,3,0,0.0035,3,0,0.0087,4,0,0.0023,3,0,0.0108,0,0,0.0732,0,0,0.0167,3,0,0.0242,4,0,0.0157,2,0,0.0245,2,0,0.0167,3,0,0.0454,0,0,0.0577,0,0,0.0761,2,1,0.0056,3,1,0.145,4,0,0.0075,2,1,0.0271,2,0,0.1548,0,0,0.0086,3,0,0.0386,4,1,0.0356,4,2,0.0382,3,2,0.0003,4,2,0.002,4,1,0.0354,0,0
715.0,75,0.0839,0,0,0.0083,3,0,0.0062,3,0,0.0035,3,0,0.0098,4,0,0.0023,3,0,0.0094,0,0,0.0737,0,0,0.017,3,0,0.0242,4,0,0.0157,2,0,0.0328,2,0,0.0167,3,0,0.0485,0,0,0.0577,0,0,0.0746,2,1,0.0056,3,1,0.145,4,0,0.0086,2,1,0.0325,2,0,0.1567,0,0,0.0086,0,0,0.0386,4,1,0.0356,4,2,0.0383,3,3,0.0001,4,2,0.0014,4,2,0.0347,0,0
671.0,74,0.0839,0,0,0.0083,3,0,0.0062,3,0,0.0035,3,0,0.0085,4,0,0.0023,3,0,0.0094,0,0,0.0737,0,0,0.017,3,0,0.0229,4,0,0.0157,2,0,0.0245,2,0,0.0167,3,0,0.0342,0,0,0.0577,0,0,0.0746,2,1,0.0056,3,1,0.145,4,0,0.0086,2,1,0.0325,2,0,0.1566,0,0,0.0086,0,0,0.0386,4,1,0.0356,4,2,0.0383,3,2,0.0001,4,2,0.0044,4,2,0.0347,0,0
621.0,73,0.0839,0,0,0.0083,3,0,0.0062,3,0,0.0035,3,0,0.0105,4,0,0.0023,3,0,0.0094,0,0,0.0737,0,0,0.017,3,0,0.0242,4,0,0.0157,2,0,0.0245,2,0,0.0168,3,0,0.0457,0,0,0.0578,0,0,0.0746,2,1,0.0056,3,1,0.145,4,0,0.0086,2,1,0.0325,2,0,0.1567,0,0,0.0086,0,0,0.0386,4,1,0.0356,4,2,0.0383,3,2,0.0001,4,2,0.0044,4,1,0.0334,0,0
581.0,72,0.0839,0,0,0.0083,3,0,0.0062,3,0,0.0035,3,0,0.0105,3,0,0.0015,3,0,0.0108,0,0,0.073,0,0,0.0172,3,0,0.0242,4,0,0.015,2,0,0.0245,2,0,0.0167,3,0,0.0457,0,0,0.0577,0,0,0.0746,2,1,0.0056,3,0,0.145,4,0,0.0086,2,1,0.0911,2,0,0.1567,0,0,0.0086,0,0,0.0386,4,1,0.0356,4,2,0.0383,3,2,0.0001,4,2,0.0044,4,2,0.0347,0,0
539.0,71,0.0839,0,0,0.0083,3,0,0.0062,3,0,0.0035,3,0,0.0105,3,0,0.0015,3,0,0.0108,0,0,0.073,0,0,0.0172,3,0,0.0242,4,0,0.015,2,0,0.0245,2,0,0.0167,3,0,0.0457,0,0,0.0577,0,0,0.0746,2,1,0.0056,3,0,0.145,4,0,0.0086,2,1,0.0911,1,0,0.1567,0,0,0.0086,0,0,0.0386,4,1,0.0356,4,2,0.0383,3,2,0.0001,4,2,0.0043,4,2,0.0347,0,0
498.0,70,0.0839,0,0,0.0083,3,0,0.0062,3,0,0.0035,3,0,0.0105,4,0,0.0023,3,0,0.0094,0,0,0.0737,0,0,0.017,3,0,0.0242,4,0,0.0157,2,0,0.0245,2,0,0.0167,3,0,0.0457,0,0,0.0577,0,0,0.0746,2,1,0.0056,3,1,0.145,1,0,0.0086,2,1,0.027,2,0,0.1567,0,0,0.0086,0,0,0.0386,4,1,0.0356,4,2,0.0383,3,2,0.0001,4,2,0.0044,4,1,0.0347,0,0
453.0,69,0.0839,0,0,0.0083,3,0,0.0062,3,0,0.0035,3,0,0.0105,4,0,0.0023,3,0,0.0094,0,0,0.0737,0,0,0.017,3,0,0.0242,4,0,0.0157,2,0,0.0242,2,0,0.0167,3,0,0.0457,0,0,0.0577,0,0,0.0746,2,1,0.0056,3,1,0.145,1,0,0.0086,2,1,0.0325,1,0,0.1567,0,0,0.0086,0,0,0.0386,4,1,0.0356,4,2,0.0383,3,2,0.0001,4,2,0.0044,4,1,0.0347,0,0
416.0,68,0.0825,0,0,0.0065,3,0,0.0062,3,0,0.0033,3,0,0.0105,4,0,0.0023,3,0,0.0108,0,0,0.0731,0,0,0.0172,3,0,0.0242,4,0,0.0157,2,0,0.0316,2,0,0.0167,3,0,0.0427,0,0,0.0577,0,0,0.0746,1,1,0.0054,3,0,0.145,1,0,0.0076,2,1,0.027,2,0,0.0249,0,0,0.0185,0,0,0.0386,4,1,0.0351,4,2,0.0384,3,1,0.0001,4,2,0.002,4,2,0.0844,0,0
367.0,67,0.0825,0,0,0.0065,3,0,0.0062,3,0,0.0033,3,0,0.0105,4,0,0.0023,3,0,0.0108,0,0,0.0731,0,0,0.0172,3,0,0.0242,4,0,0.0157,2,0,0.0316,2,0,0.0167,3,0,0.0427,0,0,0.0577,0,0,0.0746,1,1,0.0054,3,0,0.145,1,0,0.0076,2,1,0.027,2,0,0.0289,0,0,0.0185,0,0,0.0386,4,1,0.0351,4,2,0.0384,3,1,0.0001,4,2,0.0017,4,1,0.0832,0,0
323.0,66,0.0825,0,0,0.0065,3,0,0.0062,3,0,0.0033,3,0,0.0105,4,0,0.0023,3,0,0.0108,0,0,0.0731,0,0,0.0172,3,0,0.0242,4,0,0.0157,2,0,0.0316,2,0,0.0167,3,0,0.0427,0,0,0.0577,0,0,0.0746,1,1,0.0054,3,0,0.145,1,0,0.0076,2,1,0.027,1,0,0.0289,0,0,0.0185,0,0,0.0386,4,1,0.0351,4,2,0.0384,3,1,0.0001,4,2,0.0017,4,1,0.0832,0,0
283.0,65,0.125,0,0,0.0062,3,0,0.0056,3,0,0.0035,3,0,0.0106,3,0,0.0015,3,0,0.0094,0,0,0.0144,0,0,0.0183,3,0,0.0242,5,0,0.0149,2,0,0.0246,2,0,0.0168,3,0,0.1036,0,0,0.0577,0,0,0.071,1,2,0.0056,3,0,0.1453,1,0,0.006,2,1,0.0328,1,0,0.1588,0,0,0.0184,0,0,0.0387,4,0,0.0352,4,0,0.0382,3,1,0.0001,4,2,0.0044,4,2,0.0752,0,0
228.0,64,0.0826,0,0,0.0079,3,0,0.0062,3,0,0.0033,3,0,0.0105,3,0,0.0056,3,0,0.0108,0,0,0.0731,0,0,0.0277,3,0,0.0242,4,0,0.015,2,0,0.0248,2,0,0.0167,3,0,0.0427,0,0,0.0577,0,0,0.0746,1,1,0.0054,3,0,0.145,1,0,0.0076,2,1,0.027,1,0,0.1479,0,0,0.0185,0,0,0.0386,4,0,0.0351,4,2,0.0384,3,1,0.0001,4,2,0.0018,4,1,0.0833,0,0
196.0,63,0.1306,0,0,0.0062,3,0,0.0056,3,0,0.0033,3,0,0.0074,2,0,0.0015,3,0,0.0094,0,0,0.0144,0,0,0.0169,3,0,0.0205,4,0,0.0149,2,0,0.0246,2,0,0.0168,3,0,0.1036,0,0,0.0577,0,0,0.0746,2,1,0.0056,3,0,0.145,1,0,0.0059,2,1,0.022,1,0,0.1588,0,0,0.0184,0,0,0.0384,4,0,0.0352,4,0,0.0382,3,1,0.0001,4,2,0.0019,4,2,0.0743,0,0
151.0,62,0.1306,0,0,0.0062,3,0,0.0056,3,0,0.0032,3,0,0.0074,2,0,0.0015,3,0,0.0094,0,0,0.0144,0,0,0.0169,3,0,0.0205,4,0,0.0149,2,0,0.0246,2,0,0.0168,3,0,0.1036,0,0,0.0577,0,0,0.0746,1,1,0.0056,3,0,0.145,1,0,0.0059,2,1,0.022,1,0,0.1588,0,0,0.0184,0,0,0.0384,4,0,0.0352,4,0,0.0382,3,1,0.0001,4,2,0.0019,4,2,0.0743,0,0
99.0,61,0.1257,0,0,0.0062,3,0,0.0056,3,0,0.0071,3,0,0.0074,2,0,0.0015,3,0,0.0094,0,0,0.0144,0,0,0.0169,3,0,0.0242,4,0,0.0149,2,0,0.0246,2,0,0.0168,3,0,0.1036,0,0,0.0577,0,0,0.0746,1,1,0.0056,3,0,0.1455,1,0,0.0607,0,1,0.022,2,0,0.1588,0,0,0.0184,0,0,0.0384,4,0,0.0352,4,0,0.0382,3,1,0.0001,4,2,0.0019,4,2,0.0739,0,0
55.0,60,0.1257,0,0,0.0062,3,0,0.0056,2,0,0.0035,3,0,0.0106,0,0,0.0015,4,0,0.0094,0,0,0.0144,0,0,0.0169,3,0,0.0206,4,0,0.015,2,0,0.0246,2,0,0.0168,3,0,0.1036,0,0,0.0576,0,0,0.0746,1,1,0.0056,3,0,0.1454,1,0,0.0059,0,1,0.0911,1,0,0.1588,0,0,0.0184,0,0,0.0385,4,0,0.0352,4,2,0.0383,3,1,0.0003,4,2,0.0019,4,2,0.0344,0,0
7.0,59,0.1092,0,0,0.0062,3,0,0.0056,2,0,0.0071,3,0,0.0106,2,0,0.0023,3,0,0.0094,0,0,0.0691,0,0,0.0169,3,0,0.0242,4,0,0.015,2,0,0.0246,2,0,0.0168,3,0,0.1008,0,0,0.0577,0,0,0.0739,1,1,0.0054,3,0,0.1454,1,0,0.0597,0,1,0.0221,1,0,0.1588,0,0,0.0184,0,0,0.0384,4,0,0.0352,4,0,0.0383,3,1,0.0003,4,2,0.0019,4,2,0.0739,0,0
-38.0,58,0.1257,0,0,0.0062,3,0,0.0056,3,0,0.0071,3,0,0.0076,0,0,0.0015,3,0,0.0094,0,0,0.0144,0,0,0.0169,3,0,0.0242,4,0,0.0149,2,0,0.0246,2,0,0.0168,3,0,0.1029,0,0,0.0577,0,0,0.071,1,1,0.0056,3,0,0.1455,1,0,0.0593,0,1,0.022,1,0,0.1588,0,0,0.0184,0,0,0.0384,4,0,0.0352,4,0,0.0383,3,1,0.0001,4,2,0.0019,4,2,0.0357,0,0
-86.0,57,0.1257,0,0,0.0079,0,0,0.0056,3,0,0.0035,3,0,0.0106,0,0,0.0015,3,0,0.0094,0,0,0.0144,0,0,0.0169,3,0,0.0206,4,0,0.015,2,0,0.0246,2,0,0.0168,3,0,0.1036,0,0,0.0576,0,0,0.0746,1,1,0.0056,3,0,0.1454,1,0,0.0059,0,1,0.0911,1,0,0.1588,0,0,0.0184,0,0,0.0384,4,0,0.0352,4,2,0.0383,3,1,0.0001,4,2,0.0019,4,2,0.0344,0,0
-131.0,56,0.1257,0,0,0.0062,3,0,0.0056,3,0,0.0032,1,0,0.0106,0,0,0.0015,3,0,0.0094,0,0,0.0691,0,0,0.0169,3,0,0.0242,4,0,0.015,2,0,0.0246,2,0,0.0168,3,0,0.0462,0,0,0.0577,0,0,0.0739,1,1,0.0056,3,0,0.1454,1,0,0.0597,0,1,0.0274,1,0,0.1588,0,0,0.0184,0,0,0.0384,4,0,0.0352,4,0,0.0382,3,1,0.0003,4,2,0.0019,4,2,0.0739,0,0
-178.0,55,0.1257,0,0,0.0062,3,0,0.0056,2,0,0.0032,1,0,0.0106,0,0,0.0015,3,0,0.0094,0,0,0.0691,0,0,0.0169,3,0,0.0242,4,0,0.015,2,0,0.0246,2,0,0.0168,3,0,0.0462,0,0,0.0577,0,0,0.0739,1,1,0.0056,3,0,0.1454,1,0,0.0597,0,1,0.0274,1,0,0.1588,0,0,0.0184,0,0,0.0384,4,0,0.0352,4,0,0.0382,3,1,0.0003,4,2,0.0019,4,2,0.0739,0,0
-224.0,54,0.0824,0,0,0.0062,0,0,0.0056,2,0,0.0033,3,0,0.0106,0,0,0.0015,3,0,0.0094,0,0,0.0144,0,0,0.0169,3,0,0.0206,4,0,0.015,2,0,0.0246,2,0,0.0167,3,0,0.1036,0,0,0.0576,0,0,0.0746,1,1,0.0056,3,0,0.1454,1,0,0.0059,0,1,0.0911,1,0,0.1588,0,0,0.0184,0,0,0.0384,4,0,0.0352,4,0,0.0383,3,1,0.0001,4,2,0.0019,4,2,0.0344,0,0
-274.0,53,0.1253,0,0,0.008,0,0,0.0061,2,0,0.0032,3,0,0.0105,2,0,0.0054,3,0,0.0101,0,0,0.0713,0,0,0.0169,3,0,0.0242,4,0,0.015,2,0,0.0239,2,0,0.0168,3,0,0.1036,0,0,0.0599,0,0,0.0745,1,1,0.0056,1,0,0.1454,1,0,0.0591,0,1,0.0249,1,0,0.154,0,0,0.0141,0,0,0.0397,4,0,0.0356,4,0,0.0382,3,1,0.0005,4,2,0.0014,4,1,0.0735,0,0
-325.0,52,0.1253,0,0,0.0078,0,0,0.0061,2,0,0.0032,3,0,0.0074,2,0,0.0055,1,0,0.0108,0,0,0.0737,0,0,0.0169,3,0,0.0242,4,0,0.0158,2,0,0.0245,2,0,0.0168,3,0,0.1036,0,0,0.0599,0,0,0.0745,1,1,0.0056,3,0,0.1454,1,0,0.0564,0,1,0.0248,1,0,0.1609,0,0,0.0091,0,0,0.0386,4,0,0.0351,4,0,0.0383,3,1,0.0005,4,1,0.0044,4,1,0.0737,0,0
-370.0,51,0.1253,0,0,0.0062,0,0,0.0061,2,0,0.0032,3,0,0.0105,2,0,0.0054,1,0,0.0101,0,0,0.0737,0,0,0.0169,3,0,0.0242,4,0,0.0158,2,0,0.0239,2,0,0.0168,3,0,0.1036,0,0,0.0599,0,0,0.0745,1,1,0.0056,1,0,0.1454,1,0,0.0591,0,1,0.0249,1,0,0.154,0,0,0.0141,0,0,0.0397,4,0,0.0351,4,0,0.0382,3,1,0.0005,4,2,0.0044,4,1,0.0737,0,0
-422.0,50,0.1253,0,0,0.008,0,0,0.0061,2,0,0.0032,3,0,0.0105,2,0,0.0054,1,0,0.0101,0,0,0.0737,0,0,0.0169,3,0,0.0242,4,0,0.015,2,0,0.0239,2,0,0.0168,3,0,0.1036,0,0,0.0599,0,0,0.0745,1,1,0.0056,1,0,0.1454,1,0,0.0591,0,1,0.0249,1,0,0.154,0,0,0.0141,0,0,0.0397,4,0,0.0351,4,0,0.0382,3,1,0.0005,3,2,0.0014,4,1,0.0735,0,0
-467.0,49,0.1128,0,0,0.0061,0,0,0.0061,2,0,0.0033,3,0,0.0105,0,0,0.0023,1,0,0.0108,0,0,0.0737,0,0,0.0169,3,0,0.0242,4,0,0.0157,3,0,0.0248,2,0,0.0167,3,0,0.1035,0,0,0.0577,0,0,0.0545,1,1,0.0056,1,0,0.1454,1,0,0.0593,0,1,0.021,1,0,0.0145,0,0,0.0185,0,0,0.0387,4,0,0.0351,3,0,0.0383,3,1,0.0005,4,2,0.0017,4,1,0.0731,0,0
-517.0,48,0.1128,0,0,0.0061,0,0,0.0061,2,0,0.0033,3,0,0.0105,0,0,0.0023,1,0,0.0108,0,0,0.0737,0,0,0.0169,3,0,0.0242,4,0,0.0157,2,0,0.0248,2,0,0.0167,3,0,0.1035,0,0,0.0577,0,0,0.0712,1,1,0.0056,1,0,0.1455,1,0,0.0593,0,1,0.021,1,0,0.0145,0,0,0.0185,0,0,0.0387,4,0,0.0351,3,0,0.0383,3,1,0.0005,4,2,0.0017,4,1,0.0731,0,0
-571.0,47,0.1128,0,0,0.0061,0,0,0.0061,2,0,0.0033,3,0,0.0105,0,0,0.0023,1,0,0.0108,0,0,0.0737,0,0,0.0169,3,0,0.0242,4,0,0.0157,2,0,0.0248,2,0,0.0167,3,0,0.1036,0,0,0.0577,0,0,0.0712,1,1,0.0056,1,0,0.1437,1,0,0.0593,0,1,0.021,1,0,0.1502,0,0,0.0185,0,0,0.0387,4,0,0.0356,3,0,0.0383,3,1,0.0005,4,2,0.0017,3,1,0.0742,0,0
-610.0,46,0.0844,0,0,0.0061,0,0,0.0061,2,0,0.0074,0,0,0.0107,0,0,0.1505,0,0,0.0094,0,0,0.0737,0,0,0.017,3,0,0.0242,4,0,0.0156,2,0,0.0247,2,0,0.0167,3,0,0.0454,0,0,0.0578,0,0,0.0746,1,1,0.0056,3,0,0.145,1,0,0.0594,0,1,0.027,1,0,0.1612,0,0,0.0213,0,0,0.0397,4,0,0.0356,4,0,0.0383,3,1,0.0003,4,2,0.0019,3,1,0.0833,0,0
-650.0,45,0.0844,0,0,0.0061,0,0,0.0061,2,0,0.0074,0,0,0.0087,0,0,0.0123,0,0,0.0094,0,0,0.0737,0,0,0.0173,3,0,0.0242,4,0,0.0156,2,0,0.0247,2,0,0.0167,3,0,0.0453,0,0,0.0578,0,0,0.0746,1,1,0.0056,1,0,0.145,1,0,0.0594,0,1,0.027,1,0,0.1612,0,0,0.0152,0,0,0.0397,4,0,0.0356,4,0,0.0383,3,1,0.0003,4,2,0.002,4,1,0.0833,0,0
-704.0,44,0.0844,0,0,0.0061,0,0,0.0061,2,0,0.0074,0,0,0.0087,0,0,0.1505,0,0,0.0094,0,0,0.0737,0,0,0.0173,3,0,0.0242,4,0,0.0156,2,0,0.0247,2,0,0.0167,3,0,0.0454,0,0,0.0577,0,0,0.0746,1,1,0.0056,1,0,0.145,1,0,0.0594,0,1,0.027,1,0,0.1612,0,0,0.0213,0,0,0.0397,4,0,0.0356,4,0,0.0383,3,1,0.0003,4,2,0.002,3,1,0.0833,0,0
-761.0,43,0.0844,0,0,0.0061,0,0,0.0061,2,0,0.0074,0,0,0.0104,0,0,0.1505,0,0,0.0094,0,0,0.0737,0,0,0.0173,3,0,0.0242,4,0,0.0156,2,0,0.0247,2,0,0.0167,3,0,0.0453,0,0,0.0578,0,0,0.0746,1,1,0.0056,1,0,0.145,1,0,0.0595,0,1,0.027,1,0,0.1612,0,0,0.0213,0,0,0.0398,4,0,0.0356,3,0,0.0383,3,1,0.0003,4,2,0.002,3,1,0.0833,0,0
-806.0,42,0.0852,0,0,0.0079,0,0,0.0062,2,0,0.0031,0,0,0.015,0,0,0.1576,0,0,0.0101,0,0,0.0737,0,0,0.0842,0,0,0.0285,5,0,0.015,2,0,0.0246,2,0,0.0167,3,0,0.0454,0,0,0.0578,0,0,0.0746,1,1,0.0056,1,0,0.145,1,0,0.0566,0,1,0.027,1,0,0.147,0,0,0.0208,0,0,0.0397,4,0,0.0352,4,0,0.0384,3,1,0.0003,4,1,0.002,4,1,0.0833,0,0
-855.0,41,0.0855,0,0,0.0083,0,0,0.0062,2,0,0.0031,0,0,0.0948,0,0,0.1505,0,0,0.0101,0,0,0.0732,0,0,0.0837,0,0,0.0245,4,0,0.0149,2,0,0.0246,2,0,0.0167,3,0,0.0454,0,0,0.0578,0,0,0.0746,1,1,0.0056,1,0,0.145,1,0,0.0594,0,1,0.027,1,0,0.147,0,0,0.015,0,0,0.0397,4,0,0.0351,4,0,0.0384,3,1,0.0003,4,1,0.002,4,1,0.0833,0,0
-912.0,40,0.0844,0,0,0.0083,0,0,0.006,2,0,0.0074,0,0,0.0948,0,0,0.1505,0,0,0.0101,0,0,0.0737,0,0,0.0837,0,0,0.0245,4,0,0.0149,2,0,0.0246,2,0,0.0167,3,0,0.0454,0,0,0.0578,0,0,0.0746,1,1,0.0056,1,0,0.145,1,0,0.0594,0,1,0.027,1,0,0.147,0,0,0.0208,0,0,0.0397,4,0,0.0351,3,0,0.0384,3,1,0.0003,4,1,0.002,4,1,0.0833,0,0
-963.0,39,0.0844,0,0,0.0061,0,0,0.0061,2,0,0.0031,0,0,0.0087,0,0,0.1505,0,0,0.0094,0,0,0.0154,0,0,0.0837,0,0,0.0242,1,0,0.0149,2,0,0.0247,2,0,0.0167,3,0,0.0454,0,0,0.0578,0,0,0.0746,1,1,0.0056,1,0,0.145,1,0,0.057,0,1,0.0218,1,0,0.0115,0,0,0.0213,0,0,0.0397,4,1,0.0356,4,0,0.0382,3,1,0.0003,4,1,0.002,4,1,0.0833,0,0
-1008.0,38,0.0844,0,0,0.0061,0,0,0.0061,2,0,0.0071,0,0,0.0087,0,0,0.1505,0,0,0.0094,0,0,0.0154,0,0,0.0837,0,0,0.0242,1,0,0.0149,2,0,0.0247,2,0,0.0156,3,0,0.0469,0,0,0.0578,0,0,0.0746,1,1,0.0056,1,0,0.145,1,0,0.057,0,1,0.0218,1,0,0.147,0,0,0.0213,0,0,0.0397,4,0,0.0356,4,0,0.0382,3,1,0.0003,4,1,0.002,4,1,0.0833,0,0
-1062.0,37,0.0844,0,0,0.0061,0,0,0.0061,2,0,0.0074,0,0,0.0087,0,0,0.1499,0,0,0.0094,0,0,0.0154,0,0,0.0837,0,0,0.0242,1,0,0.0149,2,0,0.0247,2,0,0.0167,3,0,0.0454,0,0,0.0578,0,0,0.0746,1,1,0.0056,1,0,0.145,1,0,0.0569,0,1,0.0218,1,0,0.147,0,0,0.0213,0,0,0.0397,4,0,0.0356,4,0,0.0382,3,1,0.0003,4,1,0.002,3,1,0.0833,0,0
-1116.0,36,0.1131,0,0,0.0078,0,0,0.006,2,0,0.0075,0,0,0.0122,0,0,0.0023,0,0,0.0094,0,0,0.0746,0,0,0.031,0,0,0.0242,1,0,0.015,2,0,0.0311,1,0,0.0155,3,0,0.0456,0,0,0.0576,0,0,0.0764,1,1,0.0054,1,0,0.1438,1,0,0.0118,0,1,0.027,1,0,0.1469,0,0,0.1152,0,0,0.0387,4,0,0.0352,4,0,0.0382,3,1,0.0005,4,1,0.002,3,1,0.0742,0,0
-1172.0,35,0.1131,0,0,0.0078,0,0,0.006,2,0,0.0075,0,0,0.0122,0,0,0.0023,0,0,0.0094,0,0,0.0738,0,0,0.031,0,0,0.0242,1,0,0.015,2,0,0.0311,1,0,0.0155,3,0,0.0452,0,0,0.0576,0,0,0.0764,1,1,0.0054,1,0,0.1438,1,0,0.0583,0,1,0.027,1,0,0.1469,0,0,0.1152,0,0,0.0387,4,0,0.0352,3,0,0.0382,3,1,0.0005,4,1,0.002,3,1,0.0742,0,0
-1221.0,34,0.1131,0,0,0.0078,0,0,0.0055,2,0,0.0073,0,0,0.0122,0,0,0.0023,0,0,0.0094,0,0,0.0737,0,0,0.031,0,0,0.0242,1,0,0.015,2,0,0.0311,1,0,0.0155,0,0,0.0452,0,0,0.0576,0,0,0.0764,1,1,0.0054,1,0,0.1438,1,0,0.0117,0,1,0.0272,1,0,0.1446,0,0,0.1152,0,0,0.0386,4,0,0.0356,4,0,0.0408,3,1,0.0005,4,1,0.002,4,1,0.0742,0,0
-1274.0,33,0.1131,0,0,0.0078,0,0,0.006,2,0,0.0073,0,0,0.0122,0,0,0.0023,0,0,0.0094,0,0,0.0732,0,0,0.031,0,0,0.0242,1,0,0.015,2,0,0.0242,1,0,0.0155,0,0,0.0457,0,0,0.0576,0,0,0.0764,1,1,0.0054,1,0,0.1438,1,0,0.0117,0,1,0.027,1,0,0.1469,0,0,0.1131,0,0,0.0386,4,0,0.0352,4,0,0.0408,3,1,0.0005,4,1,0.002,3,1,0.0742,0,0
-1329.0,32,0.1131,0,0,0.0241,0,0,0.006,2,0,0.0073,0,0,0.0122,0,0,0.1437,0,0,0.0094,0,0,0.0732,0,0,0.031,0,0,0.0242,1,0,0.015,2,0,0.0244,1,0,0.0155,0,0,0.0453,0,0,0.0578,0,0,0.076,1,1,0.0054,1,0,0.1438,1,0,0.0117,0,1,0.027,1,0,0.1469,0,0,0.0086,0,0,0.0387,4,0,0.0352,4,0,0.0408,3,1,0.0003,2,1,0.002,4,1,0.0742,0,0
-1384.0,31,0.1131,0,0,0.0078,0,0,0.006,2,0,0.0073,0,0,0.0122,0,0,0.0023,0,0,0.0108,0,0,0.0732,0,0,0.031,0,0,0.0242,1,0,0.015,2,0,0.0311,1,0,0.0155,0,0,0.0452,0,0,0.0576,0,0,0.0764,1,1,0.0054,1,0,0.1438,1,0,0.0117,0,1,0.027,1,0,0.1469,0,0,0.1152,0,0,0.0386,4,0,0.0352,4,0,0.0408,3,1,0.0005,2,1,0.002,3,1,0.0742,0,0
-1441.0,30,0.1296,0,0,0.0078,0,0,0.006,2,0,0.0073,0,0,0.0122,0,0,0.0023,0,0,0.0108,0,0,0.0732,0,0,0.031,0,0,0.0242,1,0,0.015,2,0,0.0311,1,0,0.0155,0,0,0.0435,0,0,0.0576,0,0,0.0764,1,1,0.0054,1,0,0.1438,1,0,0.0099,0,1,0.027,1,0,0.1469,0,0,0.1152,0,0,0.0386,4,0,0.0352,3,0,0.0408,3,1,0.0005,2,1,0.002,3,1,0.0742,0,0
-1499.0,29,0.1131,0,0,0.0241,0,0,0.006,2,0,0.0073,0,0,0.0122,0,0,0.0023,0,0,0.0094,0,0,0.0148,0,0,0.031,0,0,0.0206,1,0,0.015,2,0,0.0244,1,0,0.0155,0,0,0.0452,0,0,0.0578,0,0,0.076,1,1,0.0054,1,0,0.1438,1,0,0.0074,0,1,0.027,1,0,0.1469,0,0,0.0086,0,0,0.0387,4,0,0.0355,3,0,0.0384,1,1,0.0003,2,1,0.002,4,1,0.0741,0,0
-1563.0,28,0.084,0,0,0.0077,0,0,0.006,3,0,0.0073,0,0,0.0122,0,0,0.0023,0,0,0.0094,0,0,0.073,0,0,0.031,0,0,0.0242,1,0,0.015,2,0,0.0311,1,0,0.0167,0,0,0.0424,0,0,0.0578,0,0,0.0764,1,1,0.0054,1,0,0.1438,1,0,0.0117,0,1,0.027,1,0,0.1464,0,0,0.1152,0,0,0.0384,2,0,0.0352,4,0,0.0381,1,1,0.0001,2,1,0.002,3,1,0.0742,0,0
-1620.0,27,0.084,0,0,0.0077,0,0,0.006,3,0,0.007,0,0,0.0122,0,0,0.0023,0,0,0.0094,0,0,0.073,0,0,0.031,0,0,0.0242,1,0,0.015,2,0,0.0311,1,0,0.0167,0,0,0.0454,0,0,0.0576,0,0,0.0764,1,1,0.0054,1,0,0.1438,1,0,0.0559,0,1,0.022,1,0,0.1542,0,0,0.1152,0,0,0.0429,2,0,0.0352,3,0,0.0408,1,1,0.0005,2,1,0.0019,3,1,0.0742,0,0
